-- phpMyAdmin SQL Dump
-- version 5.2.1
-- https://www.phpmyadmin.net/
--
-- Servidor: 127.0.0.1
-- Tiempo de generación: 06-06-2025 a las 00:30:34
-- Versión del servidor: 10.4.32-MariaDB
-- Versión de PHP: 8.2.12

SET SQL_MODE = "NO_AUTO_VALUE_ON_ZERO";
START TRANSACTION;
SET time_zone = "+00:00";


/*!40101 SET @OLD_CHARACTER_SET_CLIENT=@@CHARACTER_SET_CLIENT */;
/*!40101 SET @OLD_CHARACTER_SET_RESULTS=@@CHARACTER_SET_RESULTS */;
/*!40101 SET @OLD_COLLATION_CONNECTION=@@COLLATION_CONNECTION */;
/*!40101 SET NAMES utf8mb4 */;

--
-- Base de datos: `webmenu`
--

-- --------------------------------------------------------

--
-- Estructura de tabla para la tabla `branches`
--

CREATE TABLE `branches` (
  `id` int(11) NOT NULL,
  `restaurant_id` int(11) NOT NULL,
  `name` varchar(100) NOT NULL,
  `slug` varchar(100) NOT NULL,
  `address` text DEFAULT NULL,
  `phone` varchar(20) DEFAULT NULL,
  `is_active` tinyint(1) DEFAULT 1,
  `created_at` timestamp NOT NULL DEFAULT current_timestamp(),
  `updated_at` timestamp NOT NULL DEFAULT current_timestamp() ON UPDATE current_timestamp()
) ENGINE=InnoDB DEFAULT CHARSET=utf8mb4 COLLATE=utf8mb4_general_ci;

--
-- Volcado de datos para la tabla `branches`
--

INSERT INTO `branches` (`id`, `restaurant_id`, `name`, `slug`, `address`, `phone`, `is_active`, `created_at`, `updated_at`) VALUES
(1, 69, 'sushigoo', 'sushigoo-sucursal-principal', '', '', 1, '2025-06-05 21:21:44', '2025-06-05 21:21:44');

-- --------------------------------------------------------

--
-- Estructura de tabla para la tabla `cart_items`
--

CREATE TABLE `cart_items` (
  `id` int(11) NOT NULL,
  `cart_id` varchar(32) NOT NULL,
  `product_id` int(11) NOT NULL,
  `quantity` int(11) NOT NULL DEFAULT 1,
  `unit_price` decimal(10,2) NOT NULL,
  `selected_options` longtext CHARACTER SET utf8mb4 COLLATE utf8mb4_bin DEFAULT NULL CHECK (json_valid(`selected_options`)),
  `created_at` timestamp NOT NULL DEFAULT current_timestamp()
) ENGINE=InnoDB DEFAULT CHARSET=utf8mb4 COLLATE=utf8mb4_general_ci;

--
-- Volcado de datos para la tabla `cart_items`
--

INSERT INTO `cart_items` (`id`, `cart_id`, `product_id`, `quantity`, `unit_price`, `selected_options`, `created_at`) VALUES
(1, 'c69f420a60fd09f62806b97f2e54858f', 6, 1, 3000.00, NULL, '2025-06-02 18:48:11');

-- --------------------------------------------------------

--
-- Estructura de tabla para la tabla `cart_sessions`
--

CREATE TABLE `cart_sessions` (
  `id` varchar(32) NOT NULL,
  `restaurant_id` int(11) NOT NULL,
  `created_at` timestamp NOT NULL DEFAULT current_timestamp(),
  `updated_at` timestamp NOT NULL DEFAULT current_timestamp() ON UPDATE current_timestamp(),
  `customer_name` varchar(100) DEFAULT NULL,
  `customer_phone` varchar(20) DEFAULT NULL,
  `customer_address` text DEFAULT NULL,
  `delivery_method` enum('delivery','pickup') DEFAULT NULL,
  `notes` text DEFAULT NULL,
  `status` enum('active','completed','abandoned') DEFAULT 'active'
) ENGINE=InnoDB DEFAULT CHARSET=utf8mb4 COLLATE=utf8mb4_general_ci;

--
-- Volcado de datos para la tabla `cart_sessions`
--

INSERT INTO `cart_sessions` (`id`, `restaurant_id`, `created_at`, `updated_at`, `customer_name`, `customer_phone`, `customer_address`, `delivery_method`, `notes`, `status`) VALUES
('0070c5525d59d855f3ecf62db5b99bdd', 1, '2025-06-02 19:06:47', '2025-06-02 19:06:47', NULL, NULL, NULL, NULL, NULL, 'active'),
('00fbc290757c2137ca22504a4c512e18', 1, '2025-06-02 18:21:18', '2025-06-02 18:21:18', NULL, NULL, NULL, NULL, NULL, 'active'),
('0154567e78b5641a09547c99e308f371', 1, '2025-06-02 21:58:37', '2025-06-02 21:58:37', NULL, NULL, NULL, NULL, NULL, 'active'),
('026ae34d300aedc51db90f56478f71a1', 1, '2025-06-02 21:48:55', '2025-06-02 21:48:55', NULL, NULL, NULL, NULL, NULL, 'active'),
('0277635c38bef42181a560a122003b5b', 1, '2025-06-02 19:05:19', '2025-06-02 19:05:19', NULL, NULL, NULL, NULL, NULL, 'active'),
('039292da22c7626739fc21d04f4b4035', 1, '2025-06-03 19:52:03', '2025-06-03 19:52:03', NULL, NULL, NULL, NULL, NULL, 'active'),
('03b7bd8dabdf6e4750e0ae6561954efb', 1, '2025-06-03 20:27:55', '2025-06-03 20:27:55', NULL, NULL, NULL, NULL, NULL, 'active'),
('0489464621fb2247d2b4735c22ac6b9d', 1, '2025-06-02 21:42:07', '2025-06-02 21:42:07', NULL, NULL, NULL, NULL, NULL, 'active'),
('0493a05af567d2a7547df2cdd3718639', 1, '2025-06-03 16:02:45', '2025-06-03 16:02:45', NULL, NULL, NULL, NULL, NULL, 'active'),
('04d8299ce9a5e3cc07fbb7d52ce45929', 1, '2025-06-03 01:02:25', '2025-06-03 01:02:25', NULL, NULL, NULL, NULL, NULL, 'active'),
('05575fbd3fac02b80ec02f68a1105f71', 1, '2025-06-02 21:51:42', '2025-06-02 21:51:42', NULL, NULL, NULL, NULL, NULL, 'active'),
('0700782847722ac709cec580276e1472', 69, '2025-06-05 21:36:33', '2025-06-05 21:36:33', NULL, NULL, NULL, NULL, NULL, 'active'),
('07edcc93797eb0997b544f5f8ff43c55', 1, '2025-06-03 01:11:09', '2025-06-03 01:11:09', NULL, NULL, NULL, NULL, NULL, 'active'),
('092b37dc77c408ac11ffd81fe7c3a3a4', 1, '2025-06-02 18:40:55', '2025-06-02 18:40:55', NULL, NULL, NULL, NULL, NULL, 'active'),
('09dd01acb679c279a5d9a475ed07e4e6', 1, '2025-06-03 16:33:34', '2025-06-03 16:33:34', NULL, NULL, NULL, NULL, NULL, 'active'),
('0ce4405266e33d5af65fdf9c60b7907c', 1, '2025-06-02 18:16:45', '2025-06-02 18:16:45', NULL, NULL, NULL, NULL, NULL, 'active'),
('0d2bd78a747c4ef8f5232b9349f667bf', 1, '2025-06-03 18:13:58', '2025-06-03 18:13:58', NULL, NULL, NULL, NULL, NULL, 'active'),
('0d6666334187cd7424da6bf50746c503', 1, '2025-06-02 23:55:58', '2025-06-02 23:55:58', NULL, NULL, NULL, NULL, NULL, 'active'),
('0e9d0b9bcf117afb4861f919ad37a137', 1, '2025-06-03 01:11:12', '2025-06-03 01:11:12', NULL, NULL, NULL, NULL, NULL, 'active'),
('0ea87087de877189da4e4980eb5cf6fc', 1, '2025-06-03 20:16:14', '2025-06-03 20:16:14', NULL, NULL, NULL, NULL, NULL, 'active'),
('0ec62c930be0454fa90b0c071acd1d7a', 1, '2025-06-03 20:10:04', '2025-06-03 20:10:04', NULL, NULL, NULL, NULL, NULL, 'active'),
('0ece21613c155c1ef1c7659fa583850a', 1, '2025-06-02 18:14:12', '2025-06-02 18:14:12', NULL, NULL, NULL, NULL, NULL, 'active'),
('0f8ccba4234400c599ed034fd2128fe3', 1, '2025-06-02 22:28:28', '2025-06-02 22:28:28', NULL, NULL, NULL, NULL, NULL, 'active'),
('106bc6d82acbdf28abf44f2d5dc92741', 1, '2025-06-03 19:57:59', '2025-06-03 19:57:59', NULL, NULL, NULL, NULL, NULL, 'active'),
('109efab95a7ef1f829eaac6e847da267', 1, '2025-06-02 17:25:18', '2025-06-02 17:25:18', NULL, NULL, NULL, NULL, NULL, 'active'),
('1267bb5a256b52c07de026e209122820', 1, '2025-06-02 21:59:13', '2025-06-02 21:59:13', NULL, NULL, NULL, NULL, NULL, 'active'),
('1294b688376843b30dddc675c4649c36', 1, '2025-06-02 17:26:44', '2025-06-02 17:26:44', NULL, NULL, NULL, NULL, NULL, 'active'),
('12a6beccd6eaad861df1baa18161dcc1', 1, '2025-06-02 18:12:23', '2025-06-02 18:12:23', NULL, NULL, NULL, NULL, NULL, 'active'),
('1315afb14a3f2b6acd97fb4eb9b988ea', 1, '2025-06-03 16:33:56', '2025-06-03 16:33:56', NULL, NULL, NULL, NULL, NULL, 'active'),
('14184c6d49a9ddf0bfb3ad64518b000d', 1, '2025-06-02 20:50:15', '2025-06-02 20:50:15', NULL, NULL, NULL, NULL, NULL, 'active'),
('148af3cc3235a774f5e917fb1fc48ad7', 1, '2025-06-03 01:09:02', '2025-06-03 01:09:02', NULL, NULL, NULL, NULL, NULL, 'active'),
('14e473b3b1421a7a5f7b4e220b9962a8', 1, '2025-06-02 18:55:37', '2025-06-02 18:55:37', NULL, NULL, NULL, NULL, NULL, 'active'),
('14f2d77b0e509ae65109be8841e426d2', 1, '2025-06-03 20:15:27', '2025-06-03 20:15:27', NULL, NULL, NULL, NULL, NULL, 'active'),
('1502894df5c42e4095019f8ec0eee44c', 1, '2025-06-02 18:22:10', '2025-06-02 18:22:10', NULL, NULL, NULL, NULL, NULL, 'active'),
('15b81067e470040c5c70d196c529326f', 1, '2025-06-02 19:08:33', '2025-06-02 19:08:33', NULL, NULL, NULL, NULL, NULL, 'active'),
('15c35b3cfebdbc28ace06d5c507ad99e', 1, '2025-06-02 21:43:13', '2025-06-02 21:43:13', NULL, NULL, NULL, NULL, NULL, 'active'),
('15c424719ccdcadbff9a5dbb772fc4dd', 1, '2025-06-02 21:39:00', '2025-06-02 21:39:00', NULL, NULL, NULL, NULL, NULL, 'active'),
('175705be5b58b2e75ef4f1c0ac29131b', 1, '2025-06-02 18:31:43', '2025-06-02 18:31:43', NULL, NULL, NULL, NULL, NULL, 'active'),
('180e9cb707b10a2646b5b3353b6b23f4', 1, '2025-06-02 18:59:30', '2025-06-02 18:59:30', NULL, NULL, NULL, NULL, NULL, 'active'),
('183f5250433bd0233b2a6ceec72487ae', 1, '2025-06-03 13:25:00', '2025-06-03 13:25:00', NULL, NULL, NULL, NULL, NULL, 'active'),
('18d792f56a353210e39d7a4c3e6fd4cc', 1, '2025-06-02 20:57:27', '2025-06-02 20:57:27', NULL, NULL, NULL, NULL, NULL, 'active'),
('19f76b8689c671178350141902977818', 1, '2025-06-02 18:54:50', '2025-06-02 18:54:50', NULL, NULL, NULL, NULL, NULL, 'active'),
('1a5061b08fb728a53f93dd8bd2ddfbb4', 1, '2025-06-03 16:30:30', '2025-06-03 16:30:30', NULL, NULL, NULL, NULL, NULL, 'active'),
('1a9ff4db942bc7165f680744ce993893', 1, '2025-06-02 18:16:38', '2025-06-02 18:16:38', NULL, NULL, NULL, NULL, NULL, 'active'),
('1bda791bbf8e8c73321743adb3396cfc', 1, '2025-06-02 18:59:38', '2025-06-02 18:59:38', NULL, NULL, NULL, NULL, NULL, 'active'),
('1cc789287d5f6f9b263a9b58110e6540', 1, '2025-06-02 17:26:32', '2025-06-02 17:26:32', NULL, NULL, NULL, NULL, NULL, 'active'),
('1d5d147cbbbb394390349135ccc1741a', 1, '2025-06-02 19:05:06', '2025-06-02 19:05:06', NULL, NULL, NULL, NULL, NULL, 'active'),
('1db4e33e62e23501804d3c5825cfd000', 1, '2025-06-02 21:28:13', '2025-06-02 21:28:13', NULL, NULL, NULL, NULL, NULL, 'active'),
('1dbdacd2a945a9eb19de7934c16ffb3b', 1, '2025-06-02 17:09:52', '2025-06-02 17:09:52', NULL, NULL, NULL, NULL, NULL, 'active'),
('1e3003b39f2df04cd2bd14688a8e781d', 1, '2025-06-02 17:11:10', '2025-06-02 17:11:10', NULL, NULL, NULL, NULL, NULL, 'active'),
('1ea9c298b768c0a1c624fa7c2ecfa51d', 1, '2025-06-02 20:50:10', '2025-06-02 20:50:10', NULL, NULL, NULL, NULL, NULL, 'active'),
('1ef2f8cf3cd6c4b8ae417a1ff7e4a111', 1, '2025-06-02 22:22:52', '2025-06-02 22:22:52', NULL, NULL, NULL, NULL, NULL, 'active'),
('1f678f73c2cf553fdc7ef693fc758a68', 1, '2025-06-02 21:43:59', '2025-06-02 21:43:59', NULL, NULL, NULL, NULL, NULL, 'active'),
('1f934d6cdd41cdc230649ba1140ff091', 1, '2025-06-03 15:17:10', '2025-06-03 15:17:10', NULL, NULL, NULL, NULL, NULL, 'active'),
('2009ae4e60858aca43b76f5c714a2a55', 1, '2025-06-02 16:52:25', '2025-06-02 16:52:25', NULL, NULL, NULL, NULL, NULL, 'active'),
('20821cf4e9dce511a421d92ee4198aeb', 1, '2025-06-02 18:22:21', '2025-06-02 18:22:21', NULL, NULL, NULL, NULL, NULL, 'active'),
('20be43ada3c322014534a79b9eb28e09', 1, '2025-06-03 01:13:52', '2025-06-03 01:13:52', NULL, NULL, NULL, NULL, NULL, 'active'),
('20db4097c9ad00efc9e2634211ce28cf', 1, '2025-06-02 21:58:17', '2025-06-02 21:58:17', NULL, NULL, NULL, NULL, NULL, 'active'),
('20f1abb02ddbcd49a77e86ae0dba6146', 1, '2025-06-02 20:22:01', '2025-06-02 20:22:01', NULL, NULL, NULL, NULL, NULL, 'active'),
('219493f71cdba5f9e9eaa829823e75e3', 1, '2025-06-03 15:17:05', '2025-06-03 15:17:05', NULL, NULL, NULL, NULL, NULL, 'active'),
('226826e2129c656c61efd7a59654334d', 1, '2025-06-03 17:43:45', '2025-06-03 17:43:45', NULL, NULL, NULL, NULL, NULL, 'active'),
('22f7a906e9822530fd11e700cc6d385b', 1, '2025-06-02 17:02:16', '2025-06-02 17:02:16', NULL, NULL, NULL, NULL, NULL, 'active'),
('2516cf4f85d77e787ef9c4a3fef5a026', 1, '2025-06-02 18:46:50', '2025-06-02 18:46:50', NULL, NULL, NULL, NULL, NULL, 'active'),
('259197b33801b14df0abb5c7c5c9fe29', 1, '2025-06-03 22:12:56', '2025-06-03 22:12:56', NULL, NULL, NULL, NULL, NULL, 'active'),
('27a72172fa984b9b6060830dffd8499b', 1, '2025-06-02 18:23:20', '2025-06-02 18:23:20', NULL, NULL, NULL, NULL, NULL, 'active'),
('2a2e1f467ff466ee7ae8a09c838f77e7', 1, '2025-06-02 19:17:40', '2025-06-02 19:17:40', NULL, NULL, NULL, NULL, NULL, 'active'),
('2a4ee609a109dfe14d8f9d1786d9c230', 1, '2025-06-03 16:04:19', '2025-06-03 16:04:19', NULL, NULL, NULL, NULL, NULL, 'active'),
('2ab28c83285a754b7fbfb3f4745cf8fc', 1, '2025-06-03 18:13:24', '2025-06-03 18:13:24', NULL, NULL, NULL, NULL, NULL, 'active'),
('2b01367e35acf350abb8db4744ef83df', 1, '2025-06-02 20:44:01', '2025-06-02 20:44:01', NULL, NULL, NULL, NULL, NULL, 'active'),
('2cba689c2d6a2e6ea3a7ed77194b001b', 1, '2025-06-02 16:52:42', '2025-06-02 16:52:42', NULL, NULL, NULL, NULL, NULL, 'active'),
('2d32a38e0523d366bf4bc254ee8e00f3', 1, '2025-06-02 18:37:25', '2025-06-02 18:37:25', NULL, NULL, NULL, NULL, NULL, 'active'),
('2e4d9b65d2c4c03555625aa858eb8453', 1, '2025-06-03 13:39:14', '2025-06-03 13:39:14', NULL, NULL, NULL, NULL, NULL, 'active'),
('2e77b330758e2fc85758a4354e8a9b4a', 1, '2025-06-03 01:17:10', '2025-06-03 01:17:10', NULL, NULL, NULL, NULL, NULL, 'active'),
('2ebf7789ae6ad25ac3330411eaf3f25c', 1, '2025-06-02 17:02:30', '2025-06-02 17:02:30', NULL, NULL, NULL, NULL, NULL, 'active'),
('2ef7172cd2cbc3bb34b108ae6c364c65', 1, '2025-06-03 20:09:55', '2025-06-03 20:09:55', NULL, NULL, NULL, NULL, NULL, 'active'),
('309c49766eac084a87c726d1d63aafe2', 1, '2025-06-02 16:57:14', '2025-06-02 16:57:14', NULL, NULL, NULL, NULL, NULL, 'active'),
('30f22f9b7a2cadf7f10bbb100316bc1c', 1, '2025-06-03 20:14:32', '2025-06-03 20:14:32', NULL, NULL, NULL, NULL, NULL, 'active'),
('32629a228566de2ab55f7d9160e0ef3a', 1, '2025-06-02 19:09:25', '2025-06-02 19:09:25', NULL, NULL, NULL, NULL, NULL, 'active'),
('32cdeecf4329c258881d9685e039866f', 1, '2025-06-02 21:43:08', '2025-06-02 21:43:08', NULL, NULL, NULL, NULL, NULL, 'active'),
('32fa3710a47f9cac6064d6efa27fb234', 1, '2025-06-02 21:49:51', '2025-06-02 21:49:51', NULL, NULL, NULL, NULL, NULL, 'active'),
('3335a49bac3da1cb178840debe8bc1cc', 1, '2025-06-02 18:19:55', '2025-06-02 18:19:55', NULL, NULL, NULL, NULL, NULL, 'active'),
('337dbce265d775f1b7da1d5501bdd8c1', 1, '2025-06-04 15:52:27', '2025-06-04 15:52:27', NULL, NULL, NULL, NULL, NULL, 'active'),
('3393a7c79184abe9bd40af695c51c39f', 1, '2025-06-02 21:35:27', '2025-06-02 21:35:27', NULL, NULL, NULL, NULL, NULL, 'active'),
('33f63b407f5fabf747f938cd25c826f1', 1, '2025-06-03 15:27:11', '2025-06-03 15:27:11', NULL, NULL, NULL, NULL, NULL, 'active'),
('34ab02556053847066ebfcbfc105f19e', 1, '2025-06-02 18:35:34', '2025-06-02 18:35:34', NULL, NULL, NULL, NULL, NULL, 'active'),
('34eafd6d4fa1dfaceb6e2d12b6ec9749', 1, '2025-06-02 21:29:45', '2025-06-02 21:29:45', NULL, NULL, NULL, NULL, NULL, 'active'),
('354d14af44b0a0f34753cc9da89f2e59', 1, '2025-06-03 01:22:15', '2025-06-03 01:22:15', NULL, NULL, NULL, NULL, NULL, 'active'),
('3584da914628776e4fca0c020319d3b0', 1, '2025-06-02 22:04:49', '2025-06-02 22:04:49', NULL, NULL, NULL, NULL, NULL, 'active'),
('36806e86f22ad3691e29af976f9d0d25', 1, '2025-06-03 19:54:29', '2025-06-03 19:54:29', NULL, NULL, NULL, NULL, NULL, 'active'),
('3685a5a89f477da42ce3aa20a0f1982c', 1, '2025-06-02 21:58:37', '2025-06-02 21:58:37', NULL, NULL, NULL, NULL, NULL, 'active'),
('3698ba8f30abed32eba06f0f1ced4f01', 1, '2025-06-03 01:32:32', '2025-06-03 01:32:32', NULL, NULL, NULL, NULL, NULL, 'active'),
('36bedeb3601322d2db2e53bad30d9aa3', 1, '2025-06-03 16:06:19', '2025-06-03 16:06:19', NULL, NULL, NULL, NULL, NULL, 'active'),
('37603a3199c692370e29f9f5458e189e', 1, '2025-06-02 22:10:56', '2025-06-02 22:10:56', NULL, NULL, NULL, NULL, NULL, 'active'),
('37ad1249f9a32515466738c3e842579e', 1, '2025-06-03 01:03:10', '2025-06-03 01:03:10', NULL, NULL, NULL, NULL, NULL, 'active'),
('386b9547deea1a9370c29e5da39bfecb', 1, '2025-06-02 21:48:11', '2025-06-02 21:48:11', NULL, NULL, NULL, NULL, NULL, 'active'),
('388c9ae402bca27148299418d4f6ad06', 1, '2025-06-02 20:48:51', '2025-06-02 20:48:51', NULL, NULL, NULL, NULL, NULL, 'active'),
('392b4353323f0b2ba719b98787895de3', 1, '2025-06-02 18:12:47', '2025-06-02 18:12:47', NULL, NULL, NULL, NULL, NULL, 'active'),
('392b94171af1bc0449c4350bec8e4682', 1, '2025-06-02 21:31:12', '2025-06-02 21:31:12', NULL, NULL, NULL, NULL, NULL, 'active'),
('39dda020225dc4a20eb55a50c8f6c839', 1, '2025-06-02 21:47:21', '2025-06-02 21:47:21', NULL, NULL, NULL, NULL, NULL, 'active'),
('3a39b2ba1d75a48e1a4b6469f7a6d861', 1, '2025-06-02 21:38:49', '2025-06-02 21:38:49', NULL, NULL, NULL, NULL, NULL, 'active'),
('3ad5b57ce020af4896cae14c094eb83a', 1, '2025-06-03 02:49:16', '2025-06-03 02:49:16', NULL, NULL, NULL, NULL, NULL, 'active'),
('3c558bec82bb912494842d0015361947', 1, '2025-06-02 18:52:51', '2025-06-02 18:52:51', NULL, NULL, NULL, NULL, NULL, 'active'),
('3c5767ad59d6e5000221a9fa23de171e', 1, '2025-06-04 19:52:28', '2025-06-04 19:52:28', NULL, NULL, NULL, NULL, NULL, 'active'),
('3f7b3b60c271ae2f1921c629bf44053e', 1, '2025-06-02 18:52:27', '2025-06-02 18:52:27', NULL, NULL, NULL, NULL, NULL, 'active'),
('40ee9bda8785e932e1a2ffbf63bdc1f4', 1, '2025-06-02 20:35:48', '2025-06-02 20:35:48', NULL, NULL, NULL, NULL, NULL, 'active'),
('41acfc7a5d6d79dcbbb6f9926a5d4137', 1, '2025-06-02 17:15:34', '2025-06-02 17:15:34', NULL, NULL, NULL, NULL, NULL, 'active'),
('4299fcf22eb791ff2c16315fb0eea651', 1, '2025-06-02 18:46:27', '2025-06-02 18:46:27', NULL, NULL, NULL, NULL, NULL, 'active'),
('431f377e072a2f65efa3ecb4eb64f3a8', 1, '2025-06-05 21:02:49', '2025-06-05 21:02:49', NULL, NULL, NULL, NULL, NULL, 'active'),
('43afd3a0b9328980ea90ed13b3e66f7f', 1, '2025-06-02 18:41:54', '2025-06-02 18:41:54', NULL, NULL, NULL, NULL, NULL, 'active'),
('43b7bc523fe954b5308e13ec3d7894db', 1, '2025-06-03 01:01:51', '2025-06-03 01:01:51', NULL, NULL, NULL, NULL, NULL, 'active'),
('44e7a4adfd6e4d762af8908380fa66c8', 1, '2025-06-02 21:12:20', '2025-06-02 21:12:20', NULL, NULL, NULL, NULL, NULL, 'active'),
('45d28901349d9487ac30777c0227022a', 1, '2025-06-02 19:09:43', '2025-06-02 19:09:43', NULL, NULL, NULL, NULL, NULL, 'active'),
('470ae607ffab22bdadaebefab4cc3884', 1, '2025-06-03 20:13:39', '2025-06-03 20:13:39', NULL, NULL, NULL, NULL, NULL, 'active'),
('4713609e57eef49f0c485d1f9479a635', 1, '2025-06-02 20:34:19', '2025-06-02 20:34:19', NULL, NULL, NULL, NULL, NULL, 'active'),
('47c6760f5756653bdb25609f48a02d34', 1, '2025-06-03 13:19:44', '2025-06-03 13:19:44', NULL, NULL, NULL, NULL, NULL, 'active'),
('4805e6d93925e0014110900c8d12c07d', 1, '2025-06-02 21:44:03', '2025-06-02 21:44:03', NULL, NULL, NULL, NULL, NULL, 'active'),
('48dc0d444bab3272677b21f9ea43637b', 1, '2025-06-03 01:24:39', '2025-06-03 01:24:39', NULL, NULL, NULL, NULL, NULL, 'active'),
('48e624312122365f3a6caab9126ae6d9', 1, '2025-06-02 18:44:01', '2025-06-02 18:44:01', NULL, NULL, NULL, NULL, NULL, 'active'),
('493b67decdfb5677df6e92eec92bc2aa', 1, '2025-06-02 18:49:21', '2025-06-02 18:49:21', NULL, NULL, NULL, NULL, NULL, 'active'),
('4978f2b3055bb57018dd82984051870c', 1, '2025-06-02 21:42:20', '2025-06-02 21:42:20', NULL, NULL, NULL, NULL, NULL, 'active'),
('4980239912fd30c57f8361707fa42ee7', 1, '2025-06-02 18:49:23', '2025-06-02 18:49:23', NULL, NULL, NULL, NULL, NULL, 'active'),
('4a0e6edbb2a9d8c3e36ba6916a70599f', 1, '2025-06-03 01:11:05', '2025-06-03 01:11:05', NULL, NULL, NULL, NULL, NULL, 'active'),
('4a86d90b7f1dbef202539ed4f30d4f6a', 1, '2025-06-03 16:23:07', '2025-06-03 16:23:07', NULL, NULL, NULL, NULL, NULL, 'active'),
('4b2c7d62be302d8bb591a539a2068cb8', 1, '2025-06-02 19:06:41', '2025-06-02 19:06:41', NULL, NULL, NULL, NULL, NULL, 'active'),
('4bde3a789c8946dd9ba460f3d0068c2c', 1, '2025-06-03 20:10:58', '2025-06-03 20:10:58', NULL, NULL, NULL, NULL, NULL, 'active'),
('4ca9c5bbc7949321196657ef9ef4fc4a', 1, '2025-06-02 23:56:34', '2025-06-02 23:56:34', NULL, NULL, NULL, NULL, NULL, 'active'),
('4d85eb537de2caa23db32228d04a08a6', 1, '2025-06-02 17:05:35', '2025-06-02 17:05:35', NULL, NULL, NULL, NULL, NULL, 'active'),
('4dd0c6bb537cf2725a4198e9272824a5', 1, '2025-06-03 13:20:05', '2025-06-03 13:20:05', NULL, NULL, NULL, NULL, NULL, 'active'),
('4de1337fa8901994e8af2545ba24a6b9', 1, '2025-06-02 18:26:13', '2025-06-02 18:26:13', NULL, NULL, NULL, NULL, NULL, 'active'),
('4e5b097a2a0609490dd3c32677c1a79f', 1, '2025-06-02 20:28:07', '2025-06-02 20:28:07', NULL, NULL, NULL, NULL, NULL, 'active'),
('4e8fe5abc28bec4ee87f9eb50cdfa949', 1, '2025-06-02 18:57:01', '2025-06-02 18:57:01', NULL, NULL, NULL, NULL, NULL, 'active'),
('4f89c09b80c4c7335ce912c7d396926e', 1, '2025-06-03 01:26:11', '2025-06-03 01:26:11', NULL, NULL, NULL, NULL, NULL, 'active'),
('4fb1d8fdf472f4b42bc853613f4957e6', 1, '2025-06-03 19:51:28', '2025-06-03 19:51:28', NULL, NULL, NULL, NULL, NULL, 'active'),
('50136a0624a0803f3c8e8db5e15849d3', 1, '2025-06-02 18:34:38', '2025-06-02 18:34:38', NULL, NULL, NULL, NULL, NULL, 'active'),
('506b51f048f8e1565f3e45b39f3004f0', 1, '2025-06-05 21:35:19', '2025-06-05 21:35:19', NULL, NULL, NULL, NULL, NULL, 'active'),
('50c4ef08ef41c459ee8302f595f74323', 1, '2025-06-02 23:55:47', '2025-06-02 23:55:47', NULL, NULL, NULL, NULL, NULL, 'active'),
('50dafa2379a3a98ba1f63747875fba54', 1, '2025-06-02 22:04:40', '2025-06-02 22:04:40', NULL, NULL, NULL, NULL, NULL, 'active'),
('51b340ec5040d2dd1aada7f451971ab1', 1, '2025-06-02 16:55:34', '2025-06-02 16:55:34', NULL, NULL, NULL, NULL, NULL, 'active'),
('525fbd7a80069efe984d1747477a5813', 1, '2025-06-03 01:14:48', '2025-06-03 01:14:48', NULL, NULL, NULL, NULL, NULL, 'active'),
('52b1bc1ca7d61808583de0cf858f1641', 1, '2025-06-03 15:59:04', '2025-06-03 15:59:04', NULL, NULL, NULL, NULL, NULL, 'active'),
('52e2ef5c0945df5b5289f494c15dd3f5', 1, '2025-06-03 01:08:43', '2025-06-03 01:08:43', NULL, NULL, NULL, NULL, NULL, 'active'),
('53694c9264d0fd3cecd602682deaa3a8', 1, '2025-06-03 02:04:50', '2025-06-03 02:04:50', NULL, NULL, NULL, NULL, NULL, 'active'),
('5391910d14b3ab5fd73057d5196bef63', 1, '2025-06-03 15:16:59', '2025-06-03 15:16:59', NULL, NULL, NULL, NULL, NULL, 'active'),
('53cee7eafd7ab642b88ae49d54295323', 1, '2025-06-04 19:21:24', '2025-06-04 19:21:24', NULL, NULL, NULL, NULL, NULL, 'active'),
('541d8d80fc53ddc19b43d71a5a1f38a5', 1, '2025-06-03 02:39:07', '2025-06-03 02:39:07', NULL, NULL, NULL, NULL, NULL, 'active'),
('54c23a0db9cb072080cea9d01f9ea6b5', 1, '2025-06-02 21:28:19', '2025-06-02 21:28:19', NULL, NULL, NULL, NULL, NULL, 'active'),
('55266e30acfd4719963254419cb7c04e', 1, '2025-06-02 21:58:40', '2025-06-02 21:58:40', NULL, NULL, NULL, NULL, NULL, 'active'),
('55763f725260a1e5904985e7a8737c13', 1, '2025-06-02 19:04:58', '2025-06-02 19:04:58', NULL, NULL, NULL, NULL, NULL, 'active'),
('565a7cd0c58605b3652bf1877eea9b8e', 1, '2025-06-02 18:17:43', '2025-06-02 18:17:43', NULL, NULL, NULL, NULL, NULL, 'active'),
('5751f309579ee2044f9a2a22a7faea78', 1, '2025-06-03 01:20:37', '2025-06-03 01:20:37', NULL, NULL, NULL, NULL, NULL, 'active'),
('5952c22e47af60e0042a3b52368a5329', 1, '2025-06-02 20:34:35', '2025-06-02 20:34:35', NULL, NULL, NULL, NULL, NULL, 'active'),
('59afc8924b62d318157a44f9b23df6df', 1, '2025-06-02 17:17:56', '2025-06-02 17:17:56', NULL, NULL, NULL, NULL, NULL, 'active'),
('59d4e8097ff6b13f2ed9ea182d437c0c', 1, '2025-06-02 21:48:46', '2025-06-02 21:48:46', NULL, NULL, NULL, NULL, NULL, 'active'),
('5b39419ec7a494532ac4017f319cd11f', 1, '2025-06-02 19:09:17', '2025-06-02 19:09:17', NULL, NULL, NULL, NULL, NULL, 'active'),
('5c430a48c2daba8122467ed4c9940a36', 1, '2025-06-03 01:10:15', '2025-06-03 01:10:15', NULL, NULL, NULL, NULL, NULL, 'active'),
('5c99c9c91e08204d91af239ba6e76cdb', 1, '2025-06-03 20:08:29', '2025-06-03 20:08:29', NULL, NULL, NULL, NULL, NULL, 'active'),
('5cacc5314d9fb309ae21312b5d2bdf68', 1, '2025-06-02 18:36:50', '2025-06-02 18:36:50', NULL, NULL, NULL, NULL, NULL, 'active'),
('5d048b8ec723ed6f73eb0cb57953b4ca', 1, '2025-06-02 21:35:50', '2025-06-02 21:35:50', NULL, NULL, NULL, NULL, NULL, 'active'),
('5dc06b23d4323d97949818011cb294c6', 1, '2025-06-03 20:03:53', '2025-06-03 20:03:53', NULL, NULL, NULL, NULL, NULL, 'active'),
('5f04b183202940aeb201d2387041bf23', 1, '2025-06-03 22:12:31', '2025-06-03 22:12:31', NULL, NULL, NULL, NULL, NULL, 'active'),
('5f2dd5738ad5b2ca68861eec091e7636', 1, '2025-06-02 21:11:32', '2025-06-02 21:11:32', NULL, NULL, NULL, NULL, NULL, 'active'),
('5f4b31673adef85e1d7837393b5d3519', 1, '2025-06-02 18:52:32', '2025-06-02 18:52:32', NULL, NULL, NULL, NULL, NULL, 'active'),
('60259136f25bbf7d2c5e2f5ee956e7ed', 1, '2025-06-02 17:05:52', '2025-06-02 17:05:52', NULL, NULL, NULL, NULL, NULL, 'active'),
('60731b43261685b78a1c84ed830cf1e7', 1, '2025-06-02 18:58:09', '2025-06-02 18:58:09', NULL, NULL, NULL, NULL, NULL, 'active'),
('61bf4cde2ccd75c5cceae68229c9cd20', 1, '2025-06-03 16:07:18', '2025-06-03 16:07:18', NULL, NULL, NULL, NULL, NULL, 'active'),
('626a64a734453bf17ecfb88620a32bf4', 1, '2025-06-02 21:35:26', '2025-06-02 21:35:26', NULL, NULL, NULL, NULL, NULL, 'active'),
('627fa973d7c4858ae76058bf192d053b', 1, '2025-06-02 21:56:39', '2025-06-02 21:56:39', NULL, NULL, NULL, NULL, NULL, 'active'),
('62cc1f2e3bdb92c04dfa2c1e8bfd0006', 1, '2025-06-03 19:55:12', '2025-06-03 19:55:12', NULL, NULL, NULL, NULL, NULL, 'active'),
('63e7aeb6411629c683d094925e06c030', 1, '2025-06-03 13:23:25', '2025-06-03 13:23:25', NULL, NULL, NULL, NULL, NULL, 'active'),
('6570a14b553f45bcb58b3ca5a2445981', 1, '2025-06-02 16:45:03', '2025-06-02 16:45:03', NULL, NULL, NULL, NULL, NULL, 'active'),
('66d15ee228c1b1e7964298eea2adae29', 1, '2025-06-02 21:38:19', '2025-06-02 21:38:19', NULL, NULL, NULL, NULL, NULL, 'active'),
('6749cce1461e712bfa1ddc5e913ed09c', 1, '2025-06-02 21:42:18', '2025-06-02 21:42:18', NULL, NULL, NULL, NULL, NULL, 'active'),
('676b55baad25e7a8a5c1372cd1e12329', 1, '2025-06-02 21:28:27', '2025-06-02 21:28:27', NULL, NULL, NULL, NULL, NULL, 'active'),
('67847680663c13321dec98a7c1361383', 1, '2025-06-02 22:13:14', '2025-06-02 22:13:14', NULL, NULL, NULL, NULL, NULL, 'active'),
('68ced0f5e869fb2402c7662cecc6b36c', 1, '2025-06-02 22:22:56', '2025-06-02 22:22:56', NULL, NULL, NULL, NULL, NULL, 'active'),
('6af192161f988bd486ee96136cf0a4fc', 1, '2025-06-02 22:08:46', '2025-06-02 22:08:46', NULL, NULL, NULL, NULL, NULL, 'active'),
('6d12e849d4c9f379aa61c84a16960b43', 1, '2025-06-02 18:51:36', '2025-06-02 18:51:36', NULL, NULL, NULL, NULL, NULL, 'active'),
('6f27e3597cd5bc6df40474a6d90df162', 1, '2025-06-02 18:58:49', '2025-06-02 18:58:49', NULL, NULL, NULL, NULL, NULL, 'active'),
('7070d97b839429a1e8821529763b4b76', 1, '2025-06-03 02:04:29', '2025-06-03 02:04:29', NULL, NULL, NULL, NULL, NULL, 'active'),
('70b3ad736abf8d2514dc1cb2cd0ed740', 1, '2025-06-02 21:37:04', '2025-06-02 21:37:04', NULL, NULL, NULL, NULL, NULL, 'active'),
('711fae498bdef47bb40750254fd6cea0', 1, '2025-06-02 18:16:53', '2025-06-02 18:16:53', NULL, NULL, NULL, NULL, NULL, 'active'),
('715cf5ac26c346c829bc07a4e34982ef', 1, '2025-06-03 02:47:18', '2025-06-03 02:47:18', NULL, NULL, NULL, NULL, NULL, 'active'),
('73a55c37ae07d7e2cd12407b7449392b', 1, '2025-06-03 16:35:01', '2025-06-03 16:35:01', NULL, NULL, NULL, NULL, NULL, 'active'),
('74c6f0c8458c746be3992b93994ff7fd', 1, '2025-06-02 18:52:54', '2025-06-02 18:52:54', NULL, NULL, NULL, NULL, NULL, 'active'),
('75434bf97c723620121a40550c47093f', 1, '2025-06-03 13:39:23', '2025-06-03 13:39:23', NULL, NULL, NULL, NULL, NULL, 'active'),
('75678513c056c94a660c02d243935d99', 1, '2025-06-03 16:01:15', '2025-06-03 16:01:15', NULL, NULL, NULL, NULL, NULL, 'active'),
('75cfff49e863be8c259ef861155fbbe2', 1, '2025-06-02 17:05:27', '2025-06-02 17:05:27', NULL, NULL, NULL, NULL, NULL, 'active'),
('76a0e90dfaaf39a6fe83effafdf7e105', 1, '2025-06-02 18:12:21', '2025-06-02 18:12:21', NULL, NULL, NULL, NULL, NULL, 'active'),
('76e450c52e4ee2cfa37c098c47acd7e8', 1, '2025-06-02 18:14:16', '2025-06-02 18:14:16', NULL, NULL, NULL, NULL, NULL, 'active'),
('778c07116ab20f361ef0bac9bae74b2d', 1, '2025-06-03 13:28:38', '2025-06-03 13:28:38', NULL, NULL, NULL, NULL, NULL, 'active'),
('77ec96428ede91e08df5a8ed7c421598', 1, '2025-06-02 18:48:15', '2025-06-02 18:48:15', NULL, NULL, NULL, NULL, NULL, 'active'),
('79ae0f4064c9b3a86c5db501bcd313de', 1, '2025-06-03 20:01:14', '2025-06-03 20:01:14', NULL, NULL, NULL, NULL, NULL, 'active'),
('79e6729075f72f2243e2dfd8de7d96bc', 1, '2025-06-03 20:49:21', '2025-06-03 20:49:21', NULL, NULL, NULL, NULL, NULL, 'active'),
('7af8615e4f458525a067fb40df122436', 1, '2025-06-02 22:09:30', '2025-06-02 22:09:30', NULL, NULL, NULL, NULL, NULL, 'active'),
('7be9507d481c3c12db049c02b4035cad', 1, '2025-06-03 13:41:50', '2025-06-03 13:41:50', NULL, NULL, NULL, NULL, NULL, 'active'),
('7c581420807e64687a654084e804fd1b', 1, '2025-06-03 13:41:18', '2025-06-03 13:41:18', NULL, NULL, NULL, NULL, NULL, 'active'),
('7c637a468683e5b3da471d03f15c9691', 1, '2025-06-02 19:12:03', '2025-06-02 19:12:03', NULL, NULL, NULL, NULL, NULL, 'active'),
('7dabb2e3e9de3a60a440e9c22cd86947', 1, '2025-06-03 19:17:50', '2025-06-03 19:17:50', NULL, NULL, NULL, NULL, NULL, 'active'),
('7df4f885abc6b2e268612ca2662b00c1', 1, '2025-06-02 18:26:34', '2025-06-02 18:26:34', NULL, NULL, NULL, NULL, NULL, 'active'),
('7ece7bb9f88bcc377fa07758570f44b7', 1, '2025-06-02 21:36:42', '2025-06-02 21:36:42', NULL, NULL, NULL, NULL, NULL, 'active'),
('806a978ebd058145bc91e16869518bbd', 1, '2025-06-03 16:33:59', '2025-06-03 16:33:59', NULL, NULL, NULL, NULL, NULL, 'active'),
('8124ddcbe89eb5c429d249e1781879f7', 1, '2025-06-02 20:40:33', '2025-06-02 20:40:33', NULL, NULL, NULL, NULL, NULL, 'active'),
('8165214ee641f6592f2dad51e24310f4', 1, '2025-06-02 21:35:16', '2025-06-02 21:35:16', NULL, NULL, NULL, NULL, NULL, 'active'),
('81a73aeb71dfab84bb746b1ab6dba6f1', 1, '2025-06-02 18:22:30', '2025-06-02 18:22:30', NULL, NULL, NULL, NULL, NULL, 'active'),
('81c71a38646b94c55a327f77b5b90313', 69, '2025-06-05 22:12:54', '2025-06-05 22:12:54', NULL, NULL, NULL, NULL, NULL, 'active'),
('82f208692462601b958738d640b4d9af', 1, '2025-06-02 21:58:18', '2025-06-02 21:58:18', NULL, NULL, NULL, NULL, NULL, 'active'),
('83311060489bd720646e588983e94557', 1, '2025-06-02 17:08:21', '2025-06-02 17:08:21', NULL, NULL, NULL, NULL, NULL, 'active'),
('83dc13ab5f9499258de1c0035037f3a0', 1, '2025-06-03 01:11:11', '2025-06-03 01:11:11', NULL, NULL, NULL, NULL, NULL, 'active'),
('8422e250ba19a35306128321ad52a91d', 1, '2025-06-03 01:27:47', '2025-06-03 01:27:47', NULL, NULL, NULL, NULL, NULL, 'active'),
('84af0dfa4929efb46dbda68409688c43', 1, '2025-06-02 23:51:52', '2025-06-02 23:51:52', NULL, NULL, NULL, NULL, NULL, 'active'),
('84c3cd71ed7476504dc8af7fc7b487f5', 1, '2025-06-02 19:04:02', '2025-06-02 19:04:02', NULL, NULL, NULL, NULL, NULL, 'active'),
('86c3d6e1efb35562f05c538c9b9a2c28', 1, '2025-06-02 18:47:52', '2025-06-02 18:47:52', NULL, NULL, NULL, NULL, NULL, 'active'),
('879fc93590765850abfe8acb37ffe654', 1, '2025-06-03 19:54:47', '2025-06-03 19:54:47', NULL, NULL, NULL, NULL, NULL, 'active'),
('87a829c3124061c7a451eb7e16fe9302', 1, '2025-06-03 01:18:34', '2025-06-03 01:18:34', NULL, NULL, NULL, NULL, NULL, 'active'),
('87e448913ef0a77e979a6ef4eb588290', 1, '2025-06-02 22:05:38', '2025-06-02 22:05:38', NULL, NULL, NULL, NULL, NULL, 'active'),
('88bd45a0c724fce5097205f25c48f455', 63, '2025-06-05 21:02:43', '2025-06-05 21:02:43', NULL, NULL, NULL, NULL, NULL, 'active'),
('88bd8205e4d337d34318e14f9eed8b8d', 1, '2025-06-03 16:33:32', '2025-06-03 16:33:32', NULL, NULL, NULL, NULL, NULL, 'active'),
('88c2134911c13f93841351b1ff8cf8bb', 1, '2025-06-02 18:18:18', '2025-06-02 18:18:18', NULL, NULL, NULL, NULL, NULL, 'active'),
('898977114bf340d4581ab5dd9c780f9b', 1, '2025-06-03 01:17:31', '2025-06-03 01:17:31', NULL, NULL, NULL, NULL, NULL, 'active'),
('8b2fe36c804d442cf10998f56e4f85ac', 1, '2025-06-02 17:25:16', '2025-06-02 17:25:16', NULL, NULL, NULL, NULL, NULL, 'active'),
('8b90a9938a05ac743889450ccc9c6e59', 1, '2025-06-02 18:34:54', '2025-06-02 18:34:54', NULL, NULL, NULL, NULL, NULL, 'active'),
('8b9183c52b7042603b21436ffc019729', 1, '2025-06-02 23:52:17', '2025-06-02 23:52:17', NULL, NULL, NULL, NULL, NULL, 'active'),
('8bcda102934cba56e4d14066bb2b7389', 1, '2025-06-02 18:21:53', '2025-06-02 18:21:53', NULL, NULL, NULL, NULL, NULL, 'active'),
('8bec647661486edf295103d57189c57a', 1, '2025-06-02 19:12:09', '2025-06-02 19:12:09', NULL, NULL, NULL, NULL, NULL, 'active'),
('8e0af2f31d1be255ac38e43eac043a5e', 1, '2025-06-03 00:53:57', '2025-06-03 00:53:57', NULL, NULL, NULL, NULL, NULL, 'active'),
('8f6b05c5a779bb13cf84077ac31420bd', 1, '2025-06-03 20:16:35', '2025-06-03 20:16:35', NULL, NULL, NULL, NULL, NULL, 'active'),
('8feb6e215e361b0518ab0494fac38251', 1, '2025-06-02 16:57:23', '2025-06-02 16:57:23', NULL, NULL, NULL, NULL, NULL, 'active'),
('90033193781b7cfd868db1ff1281dfe3', 1, '2025-06-02 21:31:13', '2025-06-02 21:31:13', NULL, NULL, NULL, NULL, NULL, 'active'),
('901dd4fa0e406f505ddc5d9ce6d78643', 1, '2025-06-03 01:05:18', '2025-06-03 01:05:18', NULL, NULL, NULL, NULL, NULL, 'active'),
('90f5e6d2ea59b36485d26ca180944fc6', 1, '2025-06-02 18:06:08', '2025-06-02 18:06:08', NULL, NULL, NULL, NULL, NULL, 'active'),
('915572c3dffaf66ce019c61579e9f020', 1, '2025-06-02 21:59:03', '2025-06-02 21:59:03', NULL, NULL, NULL, NULL, NULL, 'active'),
('91c387cb99d0c8859e9efbaa0af86dad', 1, '2025-06-02 21:42:45', '2025-06-02 21:42:45', NULL, NULL, NULL, NULL, NULL, 'active'),
('93022843c32ee0d7b72e72ee69196299', 1, '2025-06-02 19:24:15', '2025-06-02 19:24:15', NULL, NULL, NULL, NULL, NULL, 'active'),
('9450476c5ecdf95a072cf3067ae19fb8', 1, '2025-06-02 17:10:00', '2025-06-02 17:10:00', NULL, NULL, NULL, NULL, NULL, 'active'),
('948cb4621de0aa68e71719dc72ff89ca', 1, '2025-06-02 21:57:22', '2025-06-02 21:57:22', NULL, NULL, NULL, NULL, NULL, 'active'),
('94a229cbeaff5dac6cfb7acb552c6730', 1, '2025-06-02 17:23:03', '2025-06-02 17:23:03', NULL, NULL, NULL, NULL, NULL, 'active'),
('94ac1d67e2f5775557c067908850a2f8', 1, '2025-06-03 13:35:16', '2025-06-03 13:35:16', NULL, NULL, NULL, NULL, NULL, 'active'),
('94c532e88b782491c42d1940e7e49fcc', 1, '2025-06-03 20:10:29', '2025-06-03 20:10:29', NULL, NULL, NULL, NULL, NULL, 'active'),
('94f3c7002f927e2b9ccf8d3d19dd94a7', 1, '2025-06-03 02:48:55', '2025-06-03 02:48:55', NULL, NULL, NULL, NULL, NULL, 'active'),
('95442906ba40b274ec3dd55404769123', 1, '2025-06-02 20:56:43', '2025-06-02 20:56:43', NULL, NULL, NULL, NULL, NULL, 'active'),
('95b7018a96549a04c5951f8cca4c76b7', 1, '2025-06-02 21:40:59', '2025-06-02 21:40:59', NULL, NULL, NULL, NULL, NULL, 'active'),
('95c819e8add8a2910dda1a61c087779f', 1, '2025-06-02 16:59:30', '2025-06-02 16:59:30', NULL, NULL, NULL, NULL, NULL, 'active'),
('95e76ac5ea277dcce4195c5a8e6fe926', 1, '2025-06-04 19:21:19', '2025-06-04 19:21:19', NULL, NULL, NULL, NULL, NULL, 'active'),
('962cf84c6f5a634fdbe783c476592e7f', 1, '2025-06-02 17:02:02', '2025-06-02 17:02:02', NULL, NULL, NULL, NULL, NULL, 'active'),
('98c98a06bd1eec182436c7ca624cc80c', 1, '2025-06-02 22:04:45', '2025-06-02 22:04:45', NULL, NULL, NULL, NULL, NULL, 'active'),
('98ff3d69cd6a21bab299a38035796ca6', 1, '2025-06-02 22:09:22', '2025-06-02 22:09:22', NULL, NULL, NULL, NULL, NULL, 'active'),
('9a42bc329463b9d34c05aa4d5d221cd3', 1, '2025-06-02 21:47:56', '2025-06-02 21:47:56', NULL, NULL, NULL, NULL, NULL, 'active'),
('9abfba00abf94ed94838f3045491947a', 1, '2025-06-03 20:12:55', '2025-06-03 20:12:55', NULL, NULL, NULL, NULL, NULL, 'active'),
('9c79a9aff884f5ce480fdf3e095e1860', 1, '2025-06-02 22:07:35', '2025-06-02 22:07:35', NULL, NULL, NULL, NULL, NULL, 'active'),
('9d58fdbf7be55a24aff2274e2669293a', 1, '2025-06-03 01:01:14', '2025-06-03 01:01:14', NULL, NULL, NULL, NULL, NULL, 'active'),
('9d5dcd489d1c47bcc8365d15a285c97c', 1, '2025-06-02 17:08:30', '2025-06-02 17:08:30', NULL, NULL, NULL, NULL, NULL, 'active'),
('9f2ece056c5d96fd36b1845f0c4f2620', 1, '2025-06-02 17:04:00', '2025-06-02 17:04:00', NULL, NULL, NULL, NULL, NULL, 'active'),
('9f4ed521b6f8ce5e4a6d88ac8b1e49b6', 1, '2025-06-03 01:11:13', '2025-06-03 01:11:13', NULL, NULL, NULL, NULL, NULL, 'active'),
('a05059f1744832041e9f62210451f8c3', 1, '2025-06-02 16:59:40', '2025-06-02 16:59:40', NULL, NULL, NULL, NULL, NULL, 'active'),
('a0628eea375da39bce93486753077a36', 1, '2025-06-02 21:39:42', '2025-06-02 21:39:42', NULL, NULL, NULL, NULL, NULL, 'active'),
('a0c42b56a8275e61e12531e4d75c7d7f', 1, '2025-06-03 20:08:40', '2025-06-03 20:08:40', NULL, NULL, NULL, NULL, NULL, 'active'),
('a0de8d7c7fef84fdb6302c9fbb17024d', 1, '2025-06-02 17:07:53', '2025-06-02 17:07:53', NULL, NULL, NULL, NULL, NULL, 'active'),
('a0ede333d85dc86bf0c86ea85ed3be85', 1, '2025-06-02 18:19:42', '2025-06-02 18:19:42', NULL, NULL, NULL, NULL, NULL, 'active'),
('a1040cbe12d6914f305e8ddd1cf0717d', 1, '2025-06-02 21:31:20', '2025-06-02 21:31:20', NULL, NULL, NULL, NULL, NULL, 'active'),
('a11057954469020dcf82a66807d67da6', 1, '2025-06-04 15:58:14', '2025-06-04 15:58:14', NULL, NULL, NULL, NULL, NULL, 'active'),
('a142b1464e7c30f4f961e8613e6f6455', 1, '2025-06-03 01:10:34', '2025-06-03 01:10:34', NULL, NULL, NULL, NULL, NULL, 'active'),
('a15c6f1f148e9137defcd5fec85a3d2e', 1, '2025-06-02 21:01:42', '2025-06-02 21:01:42', NULL, NULL, NULL, NULL, NULL, 'active'),
('a1fc63c523e54fdced177dfe8c6a0d39', 1, '2025-06-03 16:01:31', '2025-06-03 16:01:31', NULL, NULL, NULL, NULL, NULL, 'active'),
('a2f2329e3a79630874542ee88eb48646', 1, '2025-06-03 15:27:53', '2025-06-03 15:27:53', NULL, NULL, NULL, NULL, NULL, 'active'),
('a3591744d1903bf3f9e6644b10c16d26', 1, '2025-06-03 18:13:18', '2025-06-03 18:13:18', NULL, NULL, NULL, NULL, NULL, 'active'),
('a42fcff64b71d419d51b5bca565dae56', 1, '2025-06-02 18:50:08', '2025-06-02 18:50:08', NULL, NULL, NULL, NULL, NULL, 'active'),
('a533155a7ea24eaacb7b54f5ea0ff3c9', 1, '2025-06-02 19:17:51', '2025-06-02 19:17:51', NULL, NULL, NULL, NULL, NULL, 'active'),
('a53e9e30134af4f0a887a85e9d901ab7', 1, '2025-06-03 16:34:36', '2025-06-03 16:34:36', NULL, NULL, NULL, NULL, NULL, 'active'),
('a6cc2ec8b6c93e37fa31e959613ecadb', 1, '2025-06-02 21:15:05', '2025-06-02 21:15:05', NULL, NULL, NULL, NULL, NULL, 'active'),
('a72076016abc3660e98052c34b77a1d3', 1, '2025-06-02 20:46:17', '2025-06-02 20:46:17', NULL, NULL, NULL, NULL, NULL, 'active'),
('a7cf57e68786bea87d2e645e76881a10', 1, '2025-06-03 01:11:34', '2025-06-03 01:11:34', NULL, NULL, NULL, NULL, NULL, 'active'),
('a815655cfe295b090ffd192f543dd82f', 1, '2025-06-02 21:52:30', '2025-06-02 21:52:30', NULL, NULL, NULL, NULL, NULL, 'active'),
('a83cf3e915307a5068af3c2dfad67cff', 1, '2025-06-02 21:58:35', '2025-06-02 21:58:35', NULL, NULL, NULL, NULL, NULL, 'active'),
('a870c7a855d746ebd16fae30c4da613f', 1, '2025-06-02 20:36:01', '2025-06-02 20:36:01', NULL, NULL, NULL, NULL, NULL, 'active'),
('aa729c1b2af83011f97e6b7057a3b81b', 1, '2025-06-02 17:09:51', '2025-06-02 17:09:51', NULL, NULL, NULL, NULL, NULL, 'active'),
('ab8ffc05c87ecd44f0645434615edbac', 1, '2025-06-03 16:22:06', '2025-06-03 16:22:06', NULL, NULL, NULL, NULL, NULL, 'active'),
('ada035e77f2e53f814c55a29cf0c5618', 1, '2025-06-03 20:16:17', '2025-06-03 20:16:17', NULL, NULL, NULL, NULL, NULL, 'active'),
('ada7787170ba4a51f45263109c1893e8', 1, '2025-06-02 21:35:45', '2025-06-02 21:35:45', NULL, NULL, NULL, NULL, NULL, 'active'),
('ae7e7c0d545a6a472786cd3ad317a084', 1, '2025-06-03 01:20:32', '2025-06-03 01:20:32', NULL, NULL, NULL, NULL, NULL, 'active'),
('aea726ee1fe77c807bfe2c0f8d13c5df', 1, '2025-06-02 21:49:52', '2025-06-02 21:49:52', NULL, NULL, NULL, NULL, NULL, 'active'),
('af76f5f1e6533f53ae8e20d3154fa747', 1, '2025-06-02 18:06:43', '2025-06-02 18:06:43', NULL, NULL, NULL, NULL, NULL, 'active'),
('b067ca55b908bee4355d2d41b230f58c', 1, '2025-06-02 18:53:11', '2025-06-02 18:53:11', NULL, NULL, NULL, NULL, NULL, 'active'),
('b0704c7b0a17068252835c615995f78d', 1, '2025-06-03 13:39:09', '2025-06-03 13:39:09', NULL, NULL, NULL, NULL, NULL, 'active'),
('b0bb2492b8db6ff0dd71b6c36a0ded1f', 1, '2025-06-02 20:59:26', '2025-06-02 20:59:26', NULL, NULL, NULL, NULL, NULL, 'active'),
('b102935f92f8248a75f824bb359a920f', 1, '2025-06-03 01:01:27', '2025-06-03 01:01:27', NULL, NULL, NULL, NULL, NULL, 'active'),
('b123df9babb4d8fe36b8acefc1bdaa76', 1, '2025-06-02 17:03:37', '2025-06-02 17:03:37', NULL, NULL, NULL, NULL, NULL, 'active'),
('b1908e9e4aff1849aa6acf43412f0d99', 1, '2025-06-02 17:23:12', '2025-06-02 17:23:12', NULL, NULL, NULL, NULL, NULL, 'active'),
('b2084d14dd7c5b8fdd496af216938815', 1, '2025-06-03 16:32:40', '2025-06-03 16:32:40', NULL, NULL, NULL, NULL, NULL, 'active'),
('b238b97189ad38994f4837f536c77072', 1, '2025-06-02 21:11:38', '2025-06-02 21:11:38', NULL, NULL, NULL, NULL, NULL, 'active'),
('b2c78ffd531c2faa5487ff716053757b', 1, '2025-06-03 16:34:07', '2025-06-03 16:34:07', NULL, NULL, NULL, NULL, NULL, 'active'),
('b3af340659670f2f9b9323a127870d46', 1, '2025-06-03 15:29:53', '2025-06-03 15:29:53', NULL, NULL, NULL, NULL, NULL, 'active'),
('b3b436822c0fdd82c85d0d6d829d0b26', 1, '2025-06-02 21:42:24', '2025-06-02 21:42:24', NULL, NULL, NULL, NULL, NULL, 'active'),
('b3f96f5f406dd9ec60ab7de7a0c5a387', 1, '2025-06-02 21:09:57', '2025-06-02 21:09:57', NULL, NULL, NULL, NULL, NULL, 'active'),
('b4e11cad12d4f9c0f6ebcd860528897c', 1, '2025-06-03 13:24:51', '2025-06-03 13:24:51', NULL, NULL, NULL, NULL, NULL, 'active'),
('b571b4ae3335eff01f26628260db902b', 1, '2025-06-02 21:38:59', '2025-06-02 21:38:59', NULL, NULL, NULL, NULL, NULL, 'active'),
('b5ad7d34ebd3946406e80b65c763c71f', 1, '2025-06-03 20:17:03', '2025-06-03 20:17:03', NULL, NULL, NULL, NULL, NULL, 'active'),
('b5d859dfafe81e4fac15893a968b9574', 1, '2025-06-02 19:16:33', '2025-06-02 19:16:33', NULL, NULL, NULL, NULL, NULL, 'active'),
('b610836b5c0c884c3c46f9fd08dc84d9', 1, '2025-06-02 17:06:39', '2025-06-02 17:06:39', NULL, NULL, NULL, NULL, NULL, 'active'),
('b64b1982992afaceaf690715aef5f283', 1, '2025-06-02 18:10:12', '2025-06-02 18:10:12', NULL, NULL, NULL, NULL, NULL, 'active'),
('b67d66f380a5bb5159e2671ddd82f4f3', 1, '2025-06-02 18:55:26', '2025-06-02 18:55:26', NULL, NULL, NULL, NULL, NULL, 'active'),
('b82ade17d73d1e5dc3accd6801d6a3a1', 1, '2025-06-02 16:54:59', '2025-06-02 16:54:59', NULL, NULL, NULL, NULL, NULL, 'active'),
('b84a88a58068ffa44744b7e983b1496f', 1, '2025-06-03 16:07:12', '2025-06-03 16:07:12', NULL, NULL, NULL, NULL, NULL, 'active'),
('b8eaa64dd7b30b80d4372ea068dedae8', 1, '2025-06-03 01:10:11', '2025-06-03 01:10:11', NULL, NULL, NULL, NULL, NULL, 'active'),
('ba24e42f01b3b654d6b220e332dddbaa', 1, '2025-06-02 23:55:37', '2025-06-02 23:55:37', NULL, NULL, NULL, NULL, NULL, 'active'),
('ba545991740a0d318b631a43a5d59722', 1, '2025-06-03 01:01:27', '2025-06-03 01:01:27', NULL, NULL, NULL, NULL, NULL, 'active'),
('baccb2555c7867958fbcf896c34add5e', 1, '2025-06-02 19:04:15', '2025-06-02 19:04:15', NULL, NULL, NULL, NULL, NULL, 'active'),
('bbaa248e693d8b9ee5ceb79bc484d463', 1, '2025-06-04 15:52:47', '2025-06-04 15:52:47', NULL, NULL, NULL, NULL, NULL, 'active'),
('bc447385a7be7941d6a73d2e4d8c1d61', 1, '2025-06-02 18:34:22', '2025-06-02 18:34:22', NULL, NULL, NULL, NULL, NULL, 'active'),
('bc6d3e96cb152387a027df2eaddf2456', 1, '2025-06-03 16:10:56', '2025-06-03 16:10:56', NULL, NULL, NULL, NULL, NULL, 'active'),
('bd03e21142bea045c26baff065310f82', 1, '2025-06-03 13:39:53', '2025-06-03 13:39:53', NULL, NULL, NULL, NULL, NULL, 'active'),
('bd86922a3e1f1d06a752e7b0663208c9', 1, '2025-06-02 17:17:49', '2025-06-02 17:17:49', NULL, NULL, NULL, NULL, NULL, 'active'),
('bda3a481ad02b2ddb2585eae439ccb9a', 1, '2025-06-03 20:00:52', '2025-06-03 20:00:52', NULL, NULL, NULL, NULL, NULL, 'active'),
('bdc88a0b880ae252f34eb43a2224fb13', 1, '2025-06-02 18:48:37', '2025-06-02 18:48:37', NULL, NULL, NULL, NULL, NULL, 'active'),
('bedeb80c5e134c57af112eea442b5157', 1, '2025-06-03 01:11:13', '2025-06-03 01:11:13', NULL, NULL, NULL, NULL, NULL, 'active'),
('bfeee5653379f884456d140668d3f2a3', 1, '2025-06-03 01:05:14', '2025-06-03 01:05:14', NULL, NULL, NULL, NULL, NULL, 'active'),
('c03112018aa7cdb509fb5cd834feae1e', 1, '2025-06-03 02:39:22', '2025-06-03 02:39:22', NULL, NULL, NULL, NULL, NULL, 'active'),
('c07489782e2d0b7211e6b33b6d4dd3e2', 1, '2025-06-03 01:02:34', '2025-06-03 01:02:34', NULL, NULL, NULL, NULL, NULL, 'active'),
('c0ae7663aca9d710befbe2104f9cbc51', 1, '2025-06-03 16:11:15', '2025-06-03 16:11:15', NULL, NULL, NULL, NULL, NULL, 'active'),
('c0cc2653b37f78bc9d81d729247c6e33', 1, '2025-06-02 21:42:11', '2025-06-02 21:42:11', NULL, NULL, NULL, NULL, NULL, 'active'),
('c0eb992c14d390bf4e22d6dfcbc697db', 1, '2025-06-03 02:04:45', '2025-06-03 02:04:45', NULL, NULL, NULL, NULL, NULL, 'active'),
('c138faef10e4e10161b578643643c24d', 1, '2025-06-02 17:09:14', '2025-06-02 17:09:14', NULL, NULL, NULL, NULL, NULL, 'active'),
('c1ff9b477849493b604de04c2f2bf450', 1, '2025-06-02 21:07:41', '2025-06-02 21:07:41', NULL, NULL, NULL, NULL, NULL, 'active'),
('c24626290462c55eee32378cbe1d97f1', 1, '2025-06-02 21:29:46', '2025-06-02 21:29:46', NULL, NULL, NULL, NULL, NULL, 'active'),
('c410d4e1213933a40578d2deb3f56f82', 1, '2025-06-03 01:26:39', '2025-06-03 01:26:39', NULL, NULL, NULL, NULL, NULL, 'active'),
('c477782510ef19e3b9f11b3898b24c21', 1, '2025-06-02 21:29:37', '2025-06-02 21:29:37', NULL, NULL, NULL, NULL, NULL, 'active'),
('c5634e03cbb0638e2a5ed0576803ac04', 1, '2025-06-03 19:51:22', '2025-06-03 19:51:22', NULL, NULL, NULL, NULL, NULL, 'active'),
('c5fa0f593246a6f74dc4ec02caa22497', 1, '2025-06-02 22:04:12', '2025-06-02 22:04:12', NULL, NULL, NULL, NULL, NULL, 'active'),
('c69c3d34d31270603ce4d439ce7bce41', 1, '2025-06-02 20:43:24', '2025-06-02 20:43:24', NULL, NULL, NULL, NULL, NULL, 'active'),
('c69f420a60fd09f62806b97f2e54858f', 1, '2025-06-02 18:48:11', '2025-06-02 18:48:11', NULL, NULL, NULL, NULL, NULL, 'active'),
('c707208ef95059377595413c0872937d', 1, '2025-06-02 21:34:00', '2025-06-02 21:34:00', NULL, NULL, NULL, NULL, NULL, 'active'),
('c8592e00ebeeab24134f28bc4077d711', 1, '2025-06-03 20:18:09', '2025-06-03 20:18:09', NULL, NULL, NULL, NULL, NULL, 'active'),
('c8f617ddaf9f9669279da6ff820f3f92', 1, '2025-06-02 20:48:28', '2025-06-02 20:48:28', NULL, NULL, NULL, NULL, NULL, 'active'),
('ca3dff612bb5a3d1071982ff6f00364a', 1, '2025-06-02 17:02:15', '2025-06-02 17:02:15', NULL, NULL, NULL, NULL, NULL, 'active'),
('cabdb2e38f41466ed41dd78fcf6bb565', 1, '2025-06-02 19:16:19', '2025-06-02 19:16:19', NULL, NULL, NULL, NULL, NULL, 'active'),
('cb397038d867da4f024601f670f39b4b', 1, '2025-06-02 21:43:58', '2025-06-02 21:43:58', NULL, NULL, NULL, NULL, NULL, 'active'),
('cb63870006723be33aaa30927a7b3269', 1, '2025-06-02 19:09:24', '2025-06-02 19:09:24', NULL, NULL, NULL, NULL, NULL, 'active'),
('cb69eef5de05f8e889baf82c713c833d', 1, '2025-06-03 01:23:17', '2025-06-03 01:23:17', NULL, NULL, NULL, NULL, NULL, 'active'),
('cc1692951de1ec662fec3e0ef5d295bc', 1, '2025-06-02 17:01:34', '2025-06-02 17:01:34', NULL, NULL, NULL, NULL, NULL, 'active'),
('ce2cafd8aa1abd824ae3e6fcb83025c1', 1, '2025-06-03 19:38:47', '2025-06-03 19:38:47', NULL, NULL, NULL, NULL, NULL, 'active'),
('ce9754c7b1ad1baf60812a38e66c7b4f', 1, '2025-06-02 18:59:46', '2025-06-02 18:59:46', NULL, NULL, NULL, NULL, NULL, 'active'),
('cef13bd9900b2aad448fcbe9db3124d9', 1, '2025-06-02 18:10:14', '2025-06-02 18:10:14', NULL, NULL, NULL, NULL, NULL, 'active'),
('cef2ef645b64e3c07d3c3f534bfcfa3a', 1, '2025-06-03 16:28:28', '2025-06-03 16:28:28', NULL, NULL, NULL, NULL, NULL, 'active'),
('cf3eacf491afd41bfbe7b459d7eeb581', 1, '2025-06-02 21:40:46', '2025-06-02 21:40:46', NULL, NULL, NULL, NULL, NULL, 'active'),
('cf6f7a0313b333240ec9c3082a7bfc7d', 1, '2025-06-03 13:37:05', '2025-06-03 13:37:05', NULL, NULL, NULL, NULL, NULL, 'active'),
('cfaa1a3faf67555f238fae449df4a49c', 1, '2025-06-03 19:58:06', '2025-06-03 19:58:06', NULL, NULL, NULL, NULL, NULL, 'active'),
('d01e0dc16f59795f7899af529d28a65b', 1, '2025-06-02 18:19:53', '2025-06-02 18:19:53', NULL, NULL, NULL, NULL, NULL, 'active'),
('d07e351a1229f4e93e973fe178d9c167', 1, '2025-06-03 13:35:21', '2025-06-03 13:35:21', NULL, NULL, NULL, NULL, NULL, 'active'),
('d26ce5fd3c0aff803af6d771b80f97a1', 1, '2025-06-02 18:48:13', '2025-06-02 18:48:13', NULL, NULL, NULL, NULL, NULL, 'active'),
('d28eeb304e0122b6f74ca138bb85b005', 1, '2025-06-02 20:55:53', '2025-06-02 20:55:53', NULL, NULL, NULL, NULL, NULL, 'active'),
('d2ed62b5845f1c521e9f947638953295', 1, '2025-06-03 01:30:10', '2025-06-03 01:30:10', NULL, NULL, NULL, NULL, NULL, 'active'),
('d333fea2f4e32602074d426d7a25381a', 1, '2025-06-03 16:00:02', '2025-06-03 16:00:02', NULL, NULL, NULL, NULL, NULL, 'active'),
('d35f2b613baccd5e8c0aeabef5366ddf', 1, '2025-06-02 21:32:38', '2025-06-02 21:32:38', NULL, NULL, NULL, NULL, NULL, 'active'),
('d477a045b3b155fb524a3212706d0ed7', 1, '2025-06-02 22:18:17', '2025-06-02 22:18:17', NULL, NULL, NULL, NULL, NULL, 'active'),
('d4fb753e8a76b5aab0fc9994e9f144f7', 1, '2025-06-02 21:50:25', '2025-06-02 21:50:25', NULL, NULL, NULL, NULL, NULL, 'active'),
('d59ccf5ee8cbe4731fb5c2fa6a087909', 1, '2025-06-02 18:51:26', '2025-06-02 18:51:26', NULL, NULL, NULL, NULL, NULL, 'active'),
('d698c69e508e1e5b8b83a277c2fb78e2', 1, '2025-06-03 02:29:00', '2025-06-03 02:29:00', NULL, NULL, NULL, NULL, NULL, 'active'),
('d6d582f4caef20202c1783d33c65ee84', 1, '2025-06-02 18:28:21', '2025-06-02 18:28:21', NULL, NULL, NULL, NULL, NULL, 'active'),
('d6fcee23aa01e689ff98d522541efe6d', 1, '2025-06-02 18:20:08', '2025-06-02 18:20:08', NULL, NULL, NULL, NULL, NULL, 'active'),
('d704a88f4e06d7ff520339c30106ceaa', 1, '2025-06-02 17:11:48', '2025-06-02 17:11:48', NULL, NULL, NULL, NULL, NULL, 'active'),
('d82fdc4e9d32cd91051ff35e1277f39f', 1, '2025-06-02 22:19:23', '2025-06-02 22:19:23', NULL, NULL, NULL, NULL, NULL, 'active'),
('da30b9ac0c7278f1537d9e3166072aba', 1, '2025-06-03 02:07:25', '2025-06-03 02:07:25', NULL, NULL, NULL, NULL, NULL, 'active'),
('dac91fa1ef54c94cefe9a0d9f48ed122', 1, '2025-06-03 16:07:09', '2025-06-03 16:07:09', NULL, NULL, NULL, NULL, NULL, 'active'),
('daec1621099514dcb5266614ae51f215', 1, '2025-06-04 19:52:12', '2025-06-04 19:52:12', NULL, NULL, NULL, NULL, NULL, 'active'),
('dc509d892b27a087cc080c29d0c99058', 1, '2025-06-02 21:12:14', '2025-06-02 21:12:14', NULL, NULL, NULL, NULL, NULL, 'active'),
('dcc3f3ba61015f099a3b42af444254ac', 1, '2025-06-03 16:04:51', '2025-06-03 16:04:51', NULL, NULL, NULL, NULL, NULL, 'active'),
('dd2fcfa1b8e402ff01c3bf123571c016', 1, '2025-06-02 18:13:57', '2025-06-02 18:13:57', NULL, NULL, NULL, NULL, NULL, 'active'),
('ddd72767445b6203a6fe497d8b2fd864', 1, '2025-06-02 18:41:32', '2025-06-02 18:41:32', NULL, NULL, NULL, NULL, NULL, 'active'),
('dede318f2dc1a897e2f5248a08c040d3', 1, '2025-06-02 18:46:44', '2025-06-02 18:46:44', NULL, NULL, NULL, NULL, NULL, 'active'),
('df7d5ae84240161897bcb598f867a8ab', 1, '2025-06-03 01:20:23', '2025-06-03 01:20:23', NULL, NULL, NULL, NULL, NULL, 'active'),
('e0b543de17106c642868d4701c95a267', 1, '2025-06-03 16:20:34', '2025-06-03 16:20:34', NULL, NULL, NULL, NULL, NULL, 'active'),
('e1616bd11f66f4f780e4b44c90c95f9f', 1, '2025-06-02 18:22:00', '2025-06-02 18:22:00', NULL, NULL, NULL, NULL, NULL, 'active'),
('e16519a310d295510130ed9c5dee9f4f', 1, '2025-06-02 17:09:24', '2025-06-02 17:09:24', NULL, NULL, NULL, NULL, NULL, 'active'),
('e1dee31984a083d0b45d9b274c37bb0a', 1, '2025-06-03 02:40:17', '2025-06-03 02:40:17', NULL, NULL, NULL, NULL, NULL, 'active'),
('e28d5ebaf216a87c1bf2ef5ca523abd4', 1, '2025-06-03 15:27:52', '2025-06-03 15:27:52', NULL, NULL, NULL, NULL, NULL, 'active'),
('e2ee6bc408464004f2ab3b2e1b170c22', 1, '2025-06-03 01:15:59', '2025-06-03 01:15:59', NULL, NULL, NULL, NULL, NULL, 'active'),
('e404055c0525e2e6b36f17142a27dfd0', 1, '2025-06-03 15:29:16', '2025-06-03 15:29:16', NULL, NULL, NULL, NULL, NULL, 'active'),
('e4289e0554c544ad0f58a92787835876', 1, '2025-06-02 18:58:43', '2025-06-02 18:58:43', NULL, NULL, NULL, NULL, NULL, 'active'),
('e551cf3a986ecae64e73298efc5a9d51', 1, '2025-06-02 18:19:54', '2025-06-02 18:19:54', NULL, NULL, NULL, NULL, NULL, 'active'),
('e563fe70f1eb1036ca64a538d8d31a98', 1, '2025-06-03 20:11:51', '2025-06-03 20:11:51', NULL, NULL, NULL, NULL, NULL, 'active'),
('e673171f5d1219d77ff0ab56cbe00617', 1, '2025-06-02 19:17:20', '2025-06-02 19:17:20', NULL, NULL, NULL, NULL, NULL, 'active'),
('e6b6ff80e2faad70743c9893456de283', 1, '2025-06-03 20:03:37', '2025-06-03 20:03:37', NULL, NULL, NULL, NULL, NULL, 'active'),
('e6d5a8ee72e3dc49e4d518d738d2836c', 1, '2025-06-02 21:55:59', '2025-06-02 21:55:59', NULL, NULL, NULL, NULL, NULL, 'active'),
('e7786e74805ae6b43a333d802bcaf1f2', 1, '2025-06-02 21:43:09', '2025-06-02 21:43:09', NULL, NULL, NULL, NULL, NULL, 'active'),
('e8c90ec1941b4d3045dddec9ff84f9d2', 1, '2025-06-02 18:56:42', '2025-06-02 18:56:42', NULL, NULL, NULL, NULL, NULL, 'active'),
('e9f0262240e9ff340a5095a4adf30153', 1, '2025-06-02 17:23:01', '2025-06-02 17:23:01', NULL, NULL, NULL, NULL, NULL, 'active'),
('ea7cf2162c66f2fc4bb297250f8a59cf', 1, '2025-06-02 21:51:43', '2025-06-02 21:51:43', NULL, NULL, NULL, NULL, NULL, 'active'),
('eaf75f8a04b14f4b9f149ec134753033', 1, '2025-06-03 13:42:00', '2025-06-03 13:42:00', NULL, NULL, NULL, NULL, NULL, 'active'),
('eb0c3a84df86527c22ead0a98a541c63', 1, '2025-06-02 18:40:46', '2025-06-02 18:40:46', NULL, NULL, NULL, NULL, NULL, 'active'),
('ebd9c7bb8291743a5d037452bc9ebe6d', 1, '2025-06-02 21:32:32', '2025-06-02 21:32:32', NULL, NULL, NULL, NULL, NULL, 'active'),
('ed0e298cc2da0fc99405ca1b99534b60', 1, '2025-06-03 13:28:08', '2025-06-03 13:28:08', NULL, NULL, NULL, NULL, NULL, 'active'),
('ed9926a416ddf563ffa8971387119826', 1, '2025-06-02 16:56:30', '2025-06-02 16:56:30', NULL, NULL, NULL, NULL, NULL, 'active'),
('ee7ae890072d78a4c88408a927e12d3f', 69, '2025-06-05 22:17:36', '2025-06-05 22:17:36', NULL, NULL, NULL, NULL, NULL, 'active'),
('ef0fecad6ceae202a9b2779cd7ab099c', 1, '2025-06-02 18:54:41', '2025-06-02 18:54:41', NULL, NULL, NULL, NULL, NULL, 'active'),
('ef700de70b9212a1abbc6a1fdc99e20e', 1, '2025-06-03 13:37:13', '2025-06-03 13:37:13', NULL, NULL, NULL, NULL, NULL, 'active'),
('f0e317abca61bb7bc129b31d64ab4867', 1, '2025-06-02 21:47:56', '2025-06-02 21:47:56', NULL, NULL, NULL, NULL, NULL, 'active'),
('f148f6c1289eb5cfaa9a5622982320e3', 1, '2025-06-02 16:53:18', '2025-06-02 16:53:18', NULL, NULL, NULL, NULL, NULL, 'active'),
('f277881d818d0814fd57cae6c8e85bd7', 1, '2025-06-02 17:23:38', '2025-06-02 17:23:38', NULL, NULL, NULL, NULL, NULL, 'active'),
('f34112a7981b80e57c222f0cad9e1ac4', 1, '2025-06-03 16:34:16', '2025-06-03 16:34:16', NULL, NULL, NULL, NULL, NULL, 'active');
INSERT INTO `cart_sessions` (`id`, `restaurant_id`, `created_at`, `updated_at`, `customer_name`, `customer_phone`, `customer_address`, `delivery_method`, `notes`, `status`) VALUES
('f410326931b1e3882459cba853f46fde', 1, '2025-06-02 19:10:06', '2025-06-02 19:10:06', NULL, NULL, NULL, NULL, NULL, 'active'),
('f4a93715752ad3d36076f287e09d846b', 1, '2025-06-02 17:15:24', '2025-06-02 17:15:24', NULL, NULL, NULL, NULL, NULL, 'active'),
('f554712959e2081eb6d95deca75d61f1', 1, '2025-06-03 21:10:11', '2025-06-03 21:10:11', NULL, NULL, NULL, NULL, NULL, 'active'),
('f5c7fdacf9885b86b61917307e456613', 1, '2025-06-02 21:42:51', '2025-06-02 21:42:51', NULL, NULL, NULL, NULL, NULL, 'active'),
('f5e2f780cd102778f9bf490725952356', 1, '2025-06-03 15:28:32', '2025-06-03 15:28:32', NULL, NULL, NULL, NULL, NULL, 'active'),
('f679ae575ff1ecc09106259f53615d99', 1, '2025-06-02 17:10:52', '2025-06-02 17:10:52', NULL, NULL, NULL, NULL, NULL, 'active'),
('f6834ae3318db4d8970cc6955bacf5dc', 1, '2025-06-02 21:44:17', '2025-06-02 21:44:17', NULL, NULL, NULL, NULL, NULL, 'active'),
('f779aa61e6fbdd5ed44c22da372ccbd5', 1, '2025-06-03 16:33:42', '2025-06-03 16:33:42', NULL, NULL, NULL, NULL, NULL, 'active'),
('f79a4ec14fde238327d334009e3f5fff', 1, '2025-06-02 18:48:13', '2025-06-02 18:48:13', NULL, NULL, NULL, NULL, NULL, 'active'),
('f8947dae5b180467c8212bed010a6647', 1, '2025-06-03 01:30:25', '2025-06-03 01:30:25', NULL, NULL, NULL, NULL, NULL, 'active'),
('f8a5f56d632451bc08aa92f0d6ac22a0', 69, '2025-06-05 22:18:11', '2025-06-05 22:18:11', NULL, NULL, NULL, NULL, NULL, 'active'),
('f951b877a9c0316cd060850ef8ddd659', 1, '2025-06-02 17:04:15', '2025-06-02 17:04:15', NULL, NULL, NULL, NULL, NULL, 'active'),
('f97d36c8cd468c112e7702daa599c308', 1, '2025-06-02 16:44:48', '2025-06-02 16:44:48', NULL, NULL, NULL, NULL, NULL, 'active'),
('fbb72a62e344e3485b6d84bec1ea0bc2', 1, '2025-06-02 18:21:30', '2025-06-02 18:21:30', NULL, NULL, NULL, NULL, NULL, 'active'),
('fbf3073be740f59a983e9a251078eed2', 1, '2025-06-02 21:40:58', '2025-06-02 21:40:58', NULL, NULL, NULL, NULL, NULL, 'active'),
('fc8df8e8d4017deb39a5230dd774b8a5', 1, '2025-06-02 23:55:53', '2025-06-02 23:55:53', NULL, NULL, NULL, NULL, NULL, 'active'),
('fcfab0b5140b12dbda173cc568f4073f', 1, '2025-06-02 16:55:54', '2025-06-02 16:55:54', NULL, NULL, NULL, NULL, NULL, 'active'),
('fd5367bb79908cc0134baed9d0e5c84e', 1, '2025-06-02 17:04:23', '2025-06-02 17:04:23', NULL, NULL, NULL, NULL, NULL, 'active'),
('fe146fd95c0117dde058e2e1ce09507d', 1, '2025-06-03 16:31:58', '2025-06-03 16:31:58', NULL, NULL, NULL, NULL, NULL, 'active'),
('ffb7ff3c8863efce88d8c609d4e10df2', 1, '2025-06-02 18:21:49', '2025-06-02 18:21:49', NULL, NULL, NULL, NULL, NULL, 'active');

-- --------------------------------------------------------

--
-- Estructura de tabla para la tabla `menu_categories`
--

CREATE TABLE `menu_categories` (
  `id` int(11) NOT NULL,
  `restaurant_id` int(11) NOT NULL,
  `name` varchar(100) NOT NULL,
  `description` text DEFAULT NULL,
  `image` varchar(255) DEFAULT NULL,
  `Banner_categoria` varchar(255) DEFAULT NULL,
  `sort_order` int(11) DEFAULT 0,
  `is_active` tinyint(1) DEFAULT 1,
  `created_at` timestamp NOT NULL DEFAULT current_timestamp()
) ENGINE=InnoDB DEFAULT CHARSET=utf8mb4 COLLATE=utf8mb4_general_ci;

--
-- Volcado de datos para la tabla `menu_categories`
--

INSERT INTO `menu_categories` (`id`, `restaurant_id`, `name`, `description`, `image`, `Banner_categoria`, `sort_order`, `is_active`, `created_at`) VALUES
(4, 1, 'Hamburguesas', '', 'categories/cat_683cf742ebe9b.png', 'categories/banners/banner_683cf742ec531.png', 1, 1, '2025-05-31 18:13:05'),
(5, 1, 'Completos / Hass', '', 'categories/cat_683cf75920338.png', NULL, 2, 1, '2025-06-01 03:04:44');

-- --------------------------------------------------------

--
-- Estructura de tabla para la tabla `orders`
--

CREATE TABLE `orders` (
  `id` int(11) NOT NULL,
  `restaurant_id` int(11) NOT NULL,
  `customer_name` varchar(100) DEFAULT NULL,
  `customer_phone` varchar(20) DEFAULT NULL,
  `order_type` enum('delivery','pickup') NOT NULL DEFAULT 'pickup',
  `delivery_address` text DEFAULT NULL,
  `notes` text DEFAULT NULL,
  `items` longtext CHARACTER SET utf8mb4 COLLATE utf8mb4_bin DEFAULT NULL CHECK (json_valid(`items`)),
  `total` decimal(10,2) NOT NULL DEFAULT 0.00,
  `customer_email` varchar(100) DEFAULT NULL,
  `total_amount` decimal(10,2) NOT NULL,
  `status` enum('pending','confirmed','preparing','ready','delivered','cancelled') DEFAULT 'pending',
  `order_data` longtext CHARACTER SET utf8mb4 COLLATE utf8mb4_bin DEFAULT NULL CHECK (json_valid(`order_data`)),
  `created_at` timestamp NOT NULL DEFAULT current_timestamp(),
  `updated_at` timestamp NOT NULL DEFAULT current_timestamp() ON UPDATE current_timestamp()
) ENGINE=InnoDB DEFAULT CHARSET=utf8mb4 COLLATE=utf8mb4_general_ci;

--
-- Volcado de datos para la tabla `orders`
--

INSERT INTO `orders` (`id`, `restaurant_id`, `customer_name`, `customer_phone`, `order_type`, `delivery_address`, `notes`, `items`, `total`, `customer_email`, `total_amount`, `status`, `order_data`, `created_at`, `updated_at`) VALUES
(1, 1, 'juan', '937199603', 'delivery', 'Rio colina 559 las azaleas 2, puente alto', '', '[{\"cartItemId\":1748901884086,\"id\":5,\"name\":\"Hamburguesa italiana\",\"price\":4500,\"quantity\":1,\"image\":\"products\\/product_683c87c13f73f.png\",\"options\":[]},{\"cartItemId\":1748901889105,\"id\":3,\"name\":\"Super Cheese Burger\",\"price\":4500,\"quantity\":1,\"image\":\"products\\/product_683c6ffab8d36.png\",\"options\":[{\"group_id\":\"option_0\",\"name\":\"Ingredientes extras\",\"options\":[{\"name\":\"Triple queso\",\"price\":500}]}]},{\"cartItemId\":1748902168903,\"id\":2,\"name\":\"Completo big\",\"price\":3500,\"quantity\":2,\"image\":\"products\\/683bd16f7bb98_1748750703.png\",\"options\":[{\"group_id\":\"option_0\",\"name\":\"Ingrediente                                                                    Obligatorio\",\"options\":[{\"name\":\"Palta y Tomate\",\"price\":0}]},{\"group_id\":\"option_1\",\"name\":\"Aderesos                                                                    Obligatorio\",\"options\":[{\"name\":\"Mayonesa casera\",\"price\":0},{\"name\":\"Ketchup\",\"price\":0},{\"name\":\"Mostaza\",\"price\":0}]}]}]', 16000.00, NULL, 0.00, 'delivered', NULL, '2025-06-02 22:21:38', '2025-06-03 00:47:41'),
(2, 1, 'pedro', '377373733', 'delivery', 'casa calle 2882', 'Necesito comer todo esto.', '[{\"cartItemId\":1748908328916,\"id\":6,\"name\":\"Hass poderoso\",\"price\":4000,\"quantity\":1,\"image\":\"products\\/product_683cccd7cad3d.png\",\"options\":[{\"group_id\":\"option_0\",\"name\":\"Ingredientes extras\",\"options\":[{\"name\":\"Doble carne\",\"price\":1000}]}]},{\"cartItemId\":1748908336423,\"id\":2,\"name\":\"Completo big\",\"price\":3500,\"quantity\":1,\"image\":\"products\\/683bd16f7bb98_1748750703.png\",\"options\":[{\"group_id\":\"option_0\",\"name\":\"Ingrediente                                                                    Obligatorio\",\"options\":[{\"name\":\"Palta y Tomate\",\"price\":0}]},{\"group_id\":\"option_1\",\"name\":\"Aderesos                                                                    Obligatorio\",\"options\":[{\"name\":\"Mayonesa casera\",\"price\":0},{\"name\":\"Ketchup\",\"price\":0},{\"name\":\"Mostaza\",\"price\":0}]}]}]', 7500.00, NULL, 0.00, 'delivered', NULL, '2025-06-02 23:53:04', '2025-06-03 00:49:17'),
(3, 1, 'aribel ', '838388334', 'pickup', '', '', '[{\"cartItemId\":1748908544422,\"id\":4,\"name\":\"Hamburguesa\",\"price\":3000,\"quantity\":1,\"image\":\"products\\/product_683c7b1c32ce2.png\",\"options\":[]},{\"cartItemId\":1748908557537,\"id\":3,\"name\":\"Super Cheese Burger\",\"price\":4300,\"quantity\":1,\"image\":\"products\\/product_683c6ffab8d36.png\",\"options\":[{\"group_id\":\"option_0\",\"name\":\"Ingredientes extras\",\"options\":[{\"name\":\"Doble queso\",\"price\":300}]}]}]', 7300.00, NULL, 0.00, 'ready', NULL, '2025-06-02 23:56:28', '2025-06-03 00:49:12'),
(4, 1, 'martin', '9738377333', 'delivery', 'av rosas 2882', '', '[{\"cartItemId\":1748899698666,\"id\":6,\"name\":\"Hass poderoso\",\"price\":4000,\"quantity\":1,\"image\":\"products\\/product_683cccd7cad3d.png\",\"options\":[{\"group_id\":\"option_0\",\"name\":\"Ingredientes extras\",\"options\":[{\"name\":\"Doble carne\",\"price\":1000}]}]},{\"cartItemId\":1748899705658,\"id\":2,\"name\":\"Completo big\",\"price\":3500,\"quantity\":1,\"image\":\"products\\/683bd16f7bb98_1748750703.png\",\"options\":[{\"group_id\":\"option_0\",\"name\":\"Ingrediente                                                                    Obligatorio\",\"options\":[{\"name\":\"Palta y Tomate\",\"price\":0}]},{\"group_id\":\"option_1\",\"name\":\"Aderesos                                                                    Obligatorio\",\"options\":[{\"name\":\"Mayonesa casera\",\"price\":0}]}]}]', 7500.00, NULL, 0.00, 'pending', NULL, '2025-06-03 02:40:11', '2025-06-03 02:40:11'),
(5, 1, 'manolo', '283788338', 'delivery', 'Rio 2772 avenida', '', '[{\"cartItemId\":1748974403290,\"id\":3,\"name\":\"Super Cheese Burger\",\"price\":4500,\"quantity\":1,\"image\":\"products\\/product_683c6ffab8d36.png\",\"options\":[{\"group_id\":\"option_0\",\"name\":\"Ingredientes extras\",\"options\":[{\"name\":\"Triple queso\",\"price\":500}]}]}]', 4500.00, NULL, 0.00, 'delivered', NULL, '2025-06-03 18:13:52', '2025-06-03 18:14:28'),
(6, 1, 'maribel', '928277222', 'delivery', 'Rio colew 23w', '', '[{\"cartItemId\":1748980287301,\"id\":5,\"name\":\"Hamburguesa italiana\",\"price\":4500,\"quantity\":1,\"image\":\"products\\/product_683c87c13f73f.png\",\"options\":[]}]', 4500.00, NULL, 0.00, 'pending', NULL, '2025-06-03 19:51:56', '2025-06-03 19:51:56'),
(7, 1, 'jose', '942323324', 'pickup', '', '', '[{\"cartItemId\":1748980486193,\"id\":2,\"name\":\"Completo big\",\"price\":3500,\"quantity\":1,\"image\":\"products\\/683bd16f7bb98_1748750703.png\",\"options\":[{\"group_id\":\"option_0\",\"name\":\"Ingrediente                                                                    Obligatorio\",\"options\":[{\"name\":\"Palta y Tomate\",\"price\":0}]},{\"group_id\":\"option_1\",\"name\":\"Aderesos                                                                    Obligatorio\",\"options\":[{\"name\":\"Mayonesa tradicional\",\"price\":0},{\"name\":\"Ketchup\",\"price\":0}]}]}]', 3500.00, NULL, 0.00, 'pending', NULL, '2025-06-03 19:55:05', '2025-06-03 19:55:05');

-- --------------------------------------------------------

--
-- Estructura de tabla para la tabla `order_history`
--

CREATE TABLE `order_history` (
  `id` int(11) NOT NULL,
  `order_id` int(11) NOT NULL,
  `status` enum('pending','confirmed','preparing','ready','delivered','cancelled') NOT NULL,
  `action` enum('confirm','reject','cancel','start_preparing','ready','deliver') NOT NULL,
  `notes` text DEFAULT NULL,
  `created_at` timestamp NOT NULL DEFAULT current_timestamp()
) ENGINE=InnoDB DEFAULT CHARSET=utf8mb4 COLLATE=utf8mb4_general_ci;

--
-- Volcado de datos para la tabla `order_history`
--

INSERT INTO `order_history` (`id`, `order_id`, `status`, `action`, `notes`, `created_at`) VALUES
(1, 3, 'confirmed', 'confirm', NULL, '2025-06-03 00:31:31'),
(2, 3, 'preparing', 'start_preparing', NULL, '2025-06-03 00:33:36'),
(3, 3, 'ready', 'ready', NULL, '2025-06-03 00:47:08'),
(4, 1, 'confirmed', 'confirm', NULL, '2025-06-03 00:47:29'),
(5, 1, 'preparing', 'start_preparing', NULL, '2025-06-03 00:47:33'),
(6, 1, 'ready', 'ready', NULL, '2025-06-03 00:47:37'),
(7, 1, 'delivered', 'deliver', NULL, '2025-06-03 00:47:41'),
(8, 3, 'ready', 'ready', NULL, '2025-06-03 00:49:12'),
(9, 2, 'delivered', 'deliver', NULL, '2025-06-03 00:49:17'),
(10, 5, 'ready', 'ready', NULL, '2025-06-03 18:14:19'),
(11, 5, 'delivered', 'deliver', NULL, '2025-06-03 18:14:28');

-- --------------------------------------------------------

--
-- Estructura de tabla para la tabla `order_items`
--

CREATE TABLE `order_items` (
  `id` int(11) NOT NULL,
  `order_id` int(11) NOT NULL,
  `product_id` int(11) NOT NULL,
  `product_name` varchar(255) NOT NULL,
  `quantity` int(11) NOT NULL,
  `unit_price` decimal(10,2) NOT NULL,
  `options` longtext CHARACTER SET utf8mb4 COLLATE utf8mb4_bin DEFAULT NULL CHECK (json_valid(`options`)),
  `subtotal` decimal(10,2) NOT NULL
) ENGINE=InnoDB DEFAULT CHARSET=utf8mb4 COLLATE=utf8mb4_general_ci;

-- --------------------------------------------------------

--
-- Estructura de tabla para la tabla `plans`
--

CREATE TABLE `plans` (
  `id` int(11) NOT NULL,
  `name` varchar(50) NOT NULL,
  `slug` varchar(50) NOT NULL,
  `base_price` decimal(10,2) NOT NULL COMMENT 'Precio base mensual',
  `max_branches` int(11) DEFAULT 1,
  `max_products` int(11) DEFAULT 5,
  `max_categories` int(11) DEFAULT 1,
  `features` longtext CHARACTER SET utf8mb4 COLLATE utf8mb4_bin DEFAULT NULL CHECK (json_valid(`features`)),
  `is_active` tinyint(1) DEFAULT 1,
  `is_free` tinyint(1) DEFAULT 0,
  `created_at` timestamp NOT NULL DEFAULT current_timestamp()
) ENGINE=InnoDB DEFAULT CHARSET=utf8mb4 COLLATE=utf8mb4_general_ci;

--
-- Volcado de datos para la tabla `plans`
--

INSERT INTO `plans` (`id`, `name`, `slug`, `base_price`, `max_branches`, `max_products`, `max_categories`, `features`, `is_active`, `is_free`, `created_at`) VALUES
(1, 'Gratuito', 'free', 0.00, 1, 5, 2, '[\"Men?? digital b??sico\", \"Panel de administraci??n simple\", \"Soporte por email\"]', 1, 1, '2025-05-31 17:09:52'),
(2, 'B??sico', 'basic', 7000.00, 1, 30, 5, '[\"Men?? digital QR\", \"Panel de administraci??n completo\", \"Soporte por email\", \"Estad??sticas b??sicas\"]', 1, 0, '2025-05-31 17:09:52'),
(3, 'Premium', 'premium', 10000.00, 2, 60, 20, '[\"Todo lo del plan B??sico\", \"Estad??sticas avanzadas\", \"Personalizaci??n de marca\", \"Soporte prioritario\"]', 1, 0, '2025-05-31 17:09:52'),
(4, 'Enterprise', 'enterprise', 16000.00, 6, 150, 30, '[\"Todo lo del plan Premium\", \"API personalizada\", \"Soporte 24/7\", \"Gestor de cuenta dedicado\"]', 1, 0, '2025-05-31 17:09:52');

-- --------------------------------------------------------

--
-- Estructura de tabla para la tabla `plan_changes`
--

CREATE TABLE `plan_changes` (
  `id` int(11) NOT NULL,
  `restaurant_id` int(11) NOT NULL,
  `old_plan_id` int(11) DEFAULT NULL,
  `new_plan_id` int(11) NOT NULL,
  `change_type` enum('trial_upgrade','plan_change','plan_downgrade') NOT NULL,
  `created_at` timestamp NOT NULL DEFAULT current_timestamp()
) ENGINE=InnoDB DEFAULT CHARSET=utf8mb4 COLLATE=utf8mb4_general_ci;

-- --------------------------------------------------------

--
-- Estructura de tabla para la tabla `products`
--

CREATE TABLE `products` (
  `id` int(11) NOT NULL,
  `restaurant_id` int(11) NOT NULL,
  `category_id` int(11) NOT NULL,
  `name` varchar(100) NOT NULL,
  `description` text DEFAULT NULL,
  `price` decimal(10,2) NOT NULL,
  `image` varchar(255) DEFAULT NULL,
  `is_available` tinyint(1) DEFAULT 1,
  `is_active` tinyint(1) DEFAULT 1,
  `sort_order` int(11) DEFAULT 0,
  `created_at` timestamp NOT NULL DEFAULT current_timestamp(),
  `updated_at` timestamp NOT NULL DEFAULT current_timestamp() ON UPDATE current_timestamp(),
  `is_featured` tinyint(1) NOT NULL DEFAULT 0 COMMENT 'Indica si el producto es destacado'
) ENGINE=InnoDB DEFAULT CHARSET=utf8mb4 COLLATE=utf8mb4_general_ci;

--
-- Volcado de datos para la tabla `products`
--

INSERT INTO `products` (`id`, `restaurant_id`, `category_id`, `name`, `description`, `price`, `image`, `is_available`, `is_active`, `sort_order`, `created_at`, `updated_at`, `is_featured`) VALUES
(2, 1, 5, 'Completo big', 'dsfggjhfdgdf', 3500.00, 'products/683bd16f7bb98_1748750703.png', 1, 1, 999999, '2025-06-01 04:03:57', '2025-06-03 01:10:08', 1),
(3, 1, 4, 'Super Cheese Burger', 'Deliciosa hamburguesa de vacuno en pan frica, con queso cheddar y salsa daily BBQ. Ideal para compartir con tu familia, amigos o la ocasi??n que prefieras.', 4000.00, 'products/product_683c6ffab8d36.png', 1, 1, 999999, '2025-06-01 04:05:34', '2025-06-03 00:53:42', 1),
(4, 1, 4, 'Hamburguesa', 'Deliciosa hamburguesa de vacuno en pan frica, con queso cheddar y salsa daily BBQ. Ideal para compartir con tu familia, amigos o la ocasi??n que prefieras.', 3000.00, 'products/product_683c7b1c32ce2.png', 1, 1, 999999, '2025-06-01 16:09:00', '2025-06-03 00:53:36', 1),
(5, 1, 4, 'Hamburguesa italiana', 'Pan frica 12 cms. Aprox., Rica hamburguesa de vacuno de 100 gramos. Acompa??ado de tomate fresco en rodajas y palta Hass.', 4990.00, 'products/product_683c87c13f73f.png', 1, 1, 999999, '2025-06-01 17:02:57', '2025-06-04 17:52:03', 1),
(6, 1, 5, 'Hass poderoso', 'El aguacate Hass es la variedad m??s com??n y popular en Chile y a nivel mundial, conocida por su sabor cremoso y textura suave', 3000.00, 'products/product_683cccd7cad3d.png', 1, 1, 999999, '2025-06-01 21:53:06', '2025-06-03 01:08:52', 1);

-- --------------------------------------------------------

--
-- Estructura de tabla para la tabla `product_menu_options`
--

CREATE TABLE `product_menu_options` (
  `id` int(11) NOT NULL,
  `product_id` int(11) NOT NULL,
  `name` varchar(100) NOT NULL,
  `type` enum('single','multiple') NOT NULL DEFAULT 'single',
  `description` text DEFAULT NULL,
  `is_required` tinyint(1) DEFAULT 0,
  `show_price` tinyint(1) DEFAULT 0,
  `sort_order` int(11) DEFAULT 0,
  `created_at` timestamp NOT NULL DEFAULT current_timestamp()
) ENGINE=InnoDB DEFAULT CHARSET=utf8mb4 COLLATE=utf8mb4_general_ci;

--
-- Volcado de datos para la tabla `product_menu_options`
--

INSERT INTO `product_menu_options` (`id`, `product_id`, `name`, `type`, `description`, `is_required`, `show_price`, `sort_order`, `created_at`) VALUES
(20, 2, 'Ingrediente', 'multiple', '', 1, 1, 1, '2025-06-01 19:09:31'),
(21, 3, 'Ingredientes extras', 'single', '', 0, 1, 1, '2025-06-01 21:17:56'),
(23, 2, 'Aderesos', 'multiple', '', 1, 0, 2, '2025-06-01 21:26:24'),
(24, 6, 'Ingredientes extras', 'single', '', 1, 1, 1, '2025-06-01 22:17:15'),
(32, 4, 'Ingredientes', 'multiple', '', 1, 1, 1, '2025-06-04 19:51:20');

-- --------------------------------------------------------

--
-- Estructura de tabla para la tabla `product_menu_option_values`
--

CREATE TABLE `product_menu_option_values` (
  `id` int(11) NOT NULL,
  `option_id` int(11) NOT NULL,
  `name` varchar(100) NOT NULL,
  `price` decimal(10,2) DEFAULT 0.00,
  `sort_order` int(11) DEFAULT 0,
  `created_at` timestamp NOT NULL DEFAULT current_timestamp()
) ENGINE=InnoDB DEFAULT CHARSET=utf8mb4 COLLATE=utf8mb4_general_ci;

--
-- Volcado de datos para la tabla `product_menu_option_values`
--

INSERT INTO `product_menu_option_values` (`id`, `option_id`, `name`, `price`, `sort_order`, `created_at`) VALUES
(4, 20, 'Palta y Tomate', 0.00, 1, '2025-06-01 19:31:42'),
(5, 20, 'Solo Palta', 0.00, 2, '2025-06-01 21:13:15'),
(6, 21, 'Single queso', 0.00, 1, '2025-06-01 21:18:15'),
(7, 21, 'Doble queso', 300.00, 2, '2025-06-01 21:18:57'),
(8, 20, 'Solo Tomate', 0.00, 3, '2025-06-01 21:25:42'),
(9, 23, 'Mayonesa tradicional', 0.00, 1, '2025-06-01 21:26:48'),
(10, 23, 'Mayonesa casera', 0.00, 2, '2025-06-01 21:27:02'),
(11, 23, 'Ketchup', 0.00, 3, '2025-06-01 21:27:09'),
(12, 23, 'Mostaza', 0.00, 4, '2025-06-01 21:27:16'),
(13, 21, 'Triple queso', 500.00, 3, '2025-06-01 21:28:58'),
(14, 24, 'Single carne', 0.00, 1, '2025-06-01 22:19:36'),
(15, 24, 'Doble carne', 1000.00, 2, '2025-06-01 22:19:55'),
(18, 32, 'Lechuga', 0.00, 1, '2025-06-04 19:51:41'),
(19, 32, 'Tomate', 0.00, 2, '2025-06-04 19:51:50'),
(20, 32, 'Palta', 0.00, 3, '2025-06-04 19:51:59');

-- --------------------------------------------------------

--
-- Estructura de tabla para la tabla `qr_codes`
--

CREATE TABLE `qr_codes` (
  `id` int(11) NOT NULL,
  `restaurant_id` int(11) NOT NULL,
  `menu_url` varchar(255) NOT NULL,
  `qr_image` varchar(255) NOT NULL,
  `created_at` datetime NOT NULL,
  `updated_at` datetime DEFAULT NULL
) ENGINE=InnoDB DEFAULT CHARSET=utf8mb4 COLLATE=utf8mb4_unicode_ci;

--
-- Volcado de datos para la tabla `qr_codes`
--

INSERT INTO `qr_codes` (`id`, `restaurant_id`, `menu_url`, `qr_image`, `created_at`, `updated_at`) VALUES
(0, 69, 'http://localhost/webmenu/sushigoo', 'qr_codes/qr_69_1749161849.png', '2025-06-05 18:17:30', NULL),
(1, 1, 'http://localhost/webmenu/juan', 'qr_codes/qr_1_1748722566.png', '2025-05-31 16:10:31', '2025-05-31 16:16:06');

-- --------------------------------------------------------

--
-- Estructura de tabla para la tabla `remember_tokens`
--

CREATE TABLE `remember_tokens` (
  `id` int(11) NOT NULL,
  `restaurant_id` int(11) NOT NULL,
  `token` varchar(64) NOT NULL,
  `expires_at` datetime NOT NULL,
  `created_at` timestamp NOT NULL DEFAULT current_timestamp()
) ENGINE=InnoDB DEFAULT CHARSET=utf8mb4 COLLATE=utf8mb4_general_ci;

-- --------------------------------------------------------

--
-- Estructura de tabla para la tabla `restaurants`
--

CREATE TABLE `restaurants` (
  `id` int(11) NOT NULL,
  `name` varchar(100) NOT NULL,
  `slug` varchar(100) NOT NULL,
  `email` varchar(100) NOT NULL,
  `password` varchar(255) NOT NULL,
  `logo` varchar(255) DEFAULT NULL,
  `banner` varchar(255) DEFAULT NULL,
  `description` text DEFAULT NULL,
  `phone` varchar(20) DEFAULT NULL,
  `address` text DEFAULT NULL,
  `facebook_url` varchar(255) DEFAULT NULL,
  `instagram_url` varchar(255) DEFAULT NULL,
  `tiktok_url` varchar(255) DEFAULT NULL,
  `whatsapp_url` varchar(255) DEFAULT NULL,
  `whatsapp_store` varchar(20) DEFAULT NULL,
  `banner_color` varchar(20) DEFAULT '#00D4AA',
  `opening_hours` longtext CHARACTER SET utf8mb4 COLLATE utf8mb4_bin DEFAULT NULL CHECK (json_valid(`opening_hours`)),
  `is_open` tinyint(1) DEFAULT 1,
  `has_delivery` tinyint(1) DEFAULT 0,
  `has_physical_store` tinyint(1) DEFAULT 0,
  `is_active` tinyint(1) DEFAULT 1,
  `plan_id` int(11) DEFAULT 1,
  `current_plan_id` int(11) DEFAULT 1,
  `subscription_status` enum('trial','active','expired','cancelled') DEFAULT 'trial',
  `trial_ends_at` timestamp NULL DEFAULT NULL,
  `subscription_ends_at` timestamp NULL DEFAULT NULL,
  `created_at` timestamp NOT NULL DEFAULT current_timestamp(),
  `updated_at` timestamp NOT NULL DEFAULT current_timestamp() ON UPDATE current_timestamp(),
  `profile_completed` tinyint(1) DEFAULT 0,
  `enable_whatsapp_order` tinyint(1) NOT NULL DEFAULT 0 COMMENT 'Indica si los pedidos por WhatsApp est??n habilitados',
  `whatsapp_order_number` varchar(255) DEFAULT NULL COMMENT 'N??mero de WhatsApp para pedidos (formato completo con URL)',
  `whatsapp_order_message` text DEFAULT NULL COMMENT 'Mensaje personalizado para pedidos por WhatsApp',
  `include_product_details` tinyint(1) NOT NULL DEFAULT 1 COMMENT 'Indica si se incluyen detalles del producto en el mensaje',
  `include_customer_info` tinyint(1) NOT NULL DEFAULT 1 COMMENT 'Indica si se solicita informaci??n del cliente',
  `show_featured_products` tinyint(1) NOT NULL DEFAULT 1 COMMENT 'Indica si se deben mostrar los productos destacados en el men??',
  `opening_time` time DEFAULT '09:00:00',
  `closing_time` time DEFAULT '22:00:00',
  `is_closed_today` tinyint(1) DEFAULT 0,
  `closed_until` datetime DEFAULT NULL,
  `closed_reason` varchar(255) DEFAULT NULL
) ENGINE=InnoDB DEFAULT CHARSET=utf8mb4 COLLATE=utf8mb4_general_ci;

--
-- Volcado de datos para la tabla `restaurants`
--

INSERT INTO `restaurants` (`id`, `name`, `slug`, `email`, `password`, `logo`, `banner`, `description`, `phone`, `address`, `facebook_url`, `instagram_url`, `tiktok_url`, `whatsapp_url`, `whatsapp_store`, `banner_color`, `opening_hours`, `is_open`, `has_delivery`, `has_physical_store`, `is_active`, `plan_id`, `current_plan_id`, `subscription_status`, `trial_ends_at`, `subscription_ends_at`, `created_at`, `updated_at`, `profile_completed`, `enable_whatsapp_order`, `whatsapp_order_number`, `whatsapp_order_message`, `include_product_details`, `include_customer_info`, `show_featured_products`, `opening_time`, `closing_time`, `is_closed_today`, `closed_until`, `closed_reason`) VALUES
(1, 'Juan', 'juan', '', '$2y$10$YourNewHashHere', 'restaurants/logos/683b45c487428_1748714948.png', 'restaurants/banners/683b45c487ca2_1748714948.png', 'Comida r??pida, Los mejores sabores los encuentras con nosotros', '645453434', 'Rio colina 559', 'https://www.facebook.com/', 'https://www.instagram.com/', 'https://www.tiktok.com/', '954535353', '', '#8e8d91', '{\"monday\":{\"name\":\"Lunes\",\"is_open\":true,\"open_time\":\"12:00\",\"close_time\":\"22:00\"},\"tuesday\":{\"name\":\"Martes\",\"is_open\":true,\"open_time\":\"09:43\",\"close_time\":\"22:00\"},\"wednesday\":{\"name\":\"Mi\\u00e9rcoles\",\"is_open\":false,\"open_time\":\"\",\"close_time\":\"\"},\"thursday\":{\"name\":\"Jueves\",\"is_open\":false,\"open_time\":\"\",\"close_time\":\"\"},\"friday\":{\"name\":\"Viernes\",\"is_open\":false,\"open_time\":\"\",\"close_time\":\"\"},\"saturday\":{\"name\":\"S\\u00e1bado\",\"is_open\":true,\"open_time\":\"14:46\",\"close_time\":\"23:59\"},\"sunday\":{\"name\":\"Domingo\",\"is_open\":false,\"open_time\":\"\",\"close_time\":\"\"}}', 1, 1, 1, 1, 1, 1, 'trial', '2025-06-14 17:14:29', NULL, '2025-05-31 17:14:29', '2025-06-05 20:50:54', 1, 0, '', '', 0, 0, 1, '09:00:00', '22:00:00', 0, NULL, NULL),
(69, 'sushigoo', 'sushigoo', 'sushi@gmail.com', '$2y$10$oRjaAGJgMR19CnPE0URDGuu5ulj0vavMWNyxHY0v52fqBY.Oc.hZq', NULL, NULL, '', '', '', NULL, NULL, NULL, NULL, NULL, '#00D4AA', NULL, 1, 0, 0, 1, 1, 1, 'trial', '2025-06-19 21:21:44', NULL, '2025-06-05 21:21:44', '2025-06-05 22:17:14', 1, 0, NULL, NULL, 1, 1, 1, '09:00:00', '22:00:00', 0, NULL, NULL);

-- --------------------------------------------------------

--
-- Estructura de tabla para la tabla `subscriptions`
--

CREATE TABLE `subscriptions` (
  `id` int(11) NOT NULL,
  `restaurant_id` int(11) NOT NULL,
  `plan_id` int(11) NOT NULL,
  `duration_months` int(11) NOT NULL COMMENT 'Duraci??n en meses (1, 3, 6, 12)',
  `price` decimal(10,2) NOT NULL COMMENT 'Precio total del plan seg??n duraci??n',
  `start_date` datetime NOT NULL,
  `end_date` datetime NOT NULL,
  `status` enum('active','expired','cancelled') NOT NULL DEFAULT 'active',
  `created_at` timestamp NOT NULL DEFAULT current_timestamp(),
  `updated_at` timestamp NOT NULL DEFAULT current_timestamp() ON UPDATE current_timestamp()
) ENGINE=InnoDB DEFAULT CHARSET=utf8mb4 COLLATE=utf8mb4_general_ci;

--
-- Volcado de datos para la tabla `subscriptions`
--

INSERT INTO `subscriptions` (`id`, `restaurant_id`, `plan_id`, `duration_months`, `price`, `start_date`, `end_date`, `status`, `created_at`, `updated_at`) VALUES
(1, 1, 1, 1, 0.00, '2025-06-01 00:00:00', '2025-06-30 23:59:59', 'active', '2025-06-01 00:00:00', '2025-06-01 00:00:00'),
(2, 1, 2, 3, 27.00, '2025-06-01 00:00:00', '2025-08-31 23:59:59', 'active', '2025-06-01 00:00:00', '2025-06-01 00:00:00'),
(3, 1, 3, 6, 54.00, '2025-06-01 00:00:00', '2025-08-31 23:59:59', 'active', '2025-06-01 00:00:00', '2025-06-01 00:00:00'),
(4, 1, 4, 12, 99.00, '2025-06-01 00:00:00', '2025-08-31 23:59:59', 'active', '2025-06-01 00:00:00', '2025-06-01 00:00:00');

-- --------------------------------------------------------

--
-- Estructura de tabla para la tabla `super_admins`
--

CREATE TABLE `super_admins` (
  `id` int(11) NOT NULL,
  `username` varchar(50) NOT NULL,
  `password` varchar(255) NOT NULL,
  `email` varchar(100) NOT NULL,
  `created_at` timestamp NOT NULL DEFAULT current_timestamp()
) ENGINE=InnoDB DEFAULT CHARSET=utf8mb4 COLLATE=utf8mb4_general_ci;

--
-- Volcado de datos para la tabla `super_admins`
--

INSERT INTO `super_admins` (`id`, `username`, `password`, `email`, `created_at`) VALUES
(4, 'admin', '$2y$10$pgPg8r73ueR4bW4BhPD8wOFbGlbKm/Fjb7nonOlkznAgdHEm4jNE.', 'admin@restaurantsaas.com', '2025-06-03 20:42:24'),
(5, 'ianfer', '$2y$10$rphWLqaK0oIT99dw/rT.5OHmrjY0WhNRciHaCea/R.N3fYTaw098i', 'ianfer770@gmail.com', '2025-06-03 20:42:24');

--
-- Índices para tablas volcadas
--

--
-- Indices de la tabla `branches`
--
ALTER TABLE `branches`
  ADD PRIMARY KEY (`id`),
  ADD KEY `restaurant_id` (`restaurant_id`);

--
-- Indices de la tabla `cart_items`
--
ALTER TABLE `cart_items`
  ADD PRIMARY KEY (`id`),
  ADD KEY `cart_id` (`cart_id`),
  ADD KEY `product_id` (`product_id`);

--
-- Indices de la tabla `cart_sessions`
--
ALTER TABLE `cart_sessions`
  ADD PRIMARY KEY (`id`),
  ADD KEY `restaurant_id` (`restaurant_id`);

--
-- Indices de la tabla `menu_categories`
--
ALTER TABLE `menu_categories`
  ADD PRIMARY KEY (`id`),
  ADD KEY `restaurant_id` (`restaurant_id`);

--
-- Indices de la tabla `orders`
--
ALTER TABLE `orders`
  ADD PRIMARY KEY (`id`),
  ADD KEY `restaurant_id` (`restaurant_id`);

--
-- Indices de la tabla `order_history`
--
ALTER TABLE `order_history`
  ADD PRIMARY KEY (`id`),
  ADD KEY `order_id` (`order_id`);

--
-- Indices de la tabla `order_items`
--
ALTER TABLE `order_items`
  ADD PRIMARY KEY (`id`),
  ADD KEY `order_id` (`order_id`),
  ADD KEY `product_id` (`product_id`);

--
-- Indices de la tabla `plans`
--
ALTER TABLE `plans`
  ADD PRIMARY KEY (`id`),
  ADD UNIQUE KEY `slug` (`slug`);

--
-- Indices de la tabla `plan_changes`
--
ALTER TABLE `plan_changes`
  ADD PRIMARY KEY (`id`),
  ADD KEY `restaurant_id` (`restaurant_id`),
  ADD KEY `old_plan_id` (`old_plan_id`),
  ADD KEY `new_plan_id` (`new_plan_id`);

--
-- Indices de la tabla `products`
--
ALTER TABLE `products`
  ADD PRIMARY KEY (`id`),
  ADD KEY `restaurant_id` (`restaurant_id`),
  ADD KEY `category_id` (`category_id`),
  ADD KEY `idx_products_featured` (`is_featured`);

--
-- Indices de la tabla `product_menu_options`
--
ALTER TABLE `product_menu_options`
  ADD PRIMARY KEY (`id`),
  ADD KEY `product_id` (`product_id`);

--
-- Indices de la tabla `product_menu_option_values`
--
ALTER TABLE `product_menu_option_values`
  ADD PRIMARY KEY (`id`),
  ADD KEY `option_id` (`option_id`);

--
-- Indices de la tabla `qr_codes`
--
ALTER TABLE `qr_codes`
  ADD PRIMARY KEY (`id`),
  ADD UNIQUE KEY `idx_qr_menu_url` (`menu_url`),
  ADD KEY `idx_qr_restaurant` (`restaurant_id`);

--
-- Indices de la tabla `remember_tokens`
--
ALTER TABLE `remember_tokens`
  ADD PRIMARY KEY (`id`),
  ADD UNIQUE KEY `unique_token` (`token`),
  ADD KEY `restaurant_id` (`restaurant_id`);

--
-- Indices de la tabla `restaurants`
--
ALTER TABLE `restaurants`
  ADD PRIMARY KEY (`id`),
  ADD UNIQUE KEY `slug` (`slug`),
  ADD KEY `plan_id` (`plan_id`),
  ADD KEY `current_plan_id` (`current_plan_id`),
  ADD KEY `idx_whatsapp_order` (`enable_whatsapp_order`,`whatsapp_order_number`);

--
-- AUTO_INCREMENT de las tablas volcadas
--

--
-- AUTO_INCREMENT de la tabla `branches`
--
ALTER TABLE `branches`
  MODIFY `id` int(11) NOT NULL AUTO_INCREMENT, AUTO_INCREMENT=2;

--
-- AUTO_INCREMENT de la tabla `menu_categories`
--
ALTER TABLE `menu_categories`
  MODIFY `id` int(11) NOT NULL AUTO_INCREMENT, AUTO_INCREMENT=33;

--
-- AUTO_INCREMENT de la tabla `plans`
--
ALTER TABLE `plans`
  MODIFY `id` int(11) NOT NULL AUTO_INCREMENT, AUTO_INCREMENT=9;

--
-- AUTO_INCREMENT de la tabla `products`
--
ALTER TABLE `products`
  MODIFY `id` int(11) NOT NULL AUTO_INCREMENT, AUTO_INCREMENT=7;

--
-- AUTO_INCREMENT de la tabla `restaurants`
--
ALTER TABLE `restaurants`
  MODIFY `id` int(11) NOT NULL AUTO_INCREMENT, AUTO_INCREMENT=70;

--
-- Restricciones para tablas volcadas
--

--
-- Filtros para la tabla `branches`
--
ALTER TABLE `branches`
  ADD CONSTRAINT `branches_ibfk_1` FOREIGN KEY (`restaurant_id`) REFERENCES `restaurants` (`id`) ON DELETE CASCADE;

--
-- Filtros para la tabla `menu_categories`
--
ALTER TABLE `menu_categories`
  ADD CONSTRAINT `menu_categories_ibfk_1` FOREIGN KEY (`restaurant_id`) REFERENCES `restaurants` (`id`) ON DELETE CASCADE;

--
-- Filtros para la tabla `products`
--
ALTER TABLE `products`
  ADD CONSTRAINT `products_ibfk_1` FOREIGN KEY (`restaurant_id`) REFERENCES `restaurants` (`id`) ON DELETE CASCADE,
  ADD CONSTRAINT `products_ibfk_2` FOREIGN KEY (`category_id`) REFERENCES `menu_categories` (`id`) ON DELETE CASCADE;

--
-- Filtros para la tabla `restaurants`
--
ALTER TABLE `restaurants`
  ADD CONSTRAINT `restaurants_ibfk_1` FOREIGN KEY (`plan_id`) REFERENCES `plans` (`id`),
  ADD CONSTRAINT `restaurants_ibfk_2` FOREIGN KEY (`current_plan_id`) REFERENCES `plans` (`id`),
  ADD CONSTRAINT `restaurants_ibfk_3` FOREIGN KEY (`current_plan_id`) REFERENCES `plans` (`id`),
  ADD CONSTRAINT `restaurants_ibfk_4` FOREIGN KEY (`current_plan_id`) REFERENCES `plans` (`id`);
COMMIT;

/*!40101 SET CHARACTER_SET_CLIENT=@OLD_CHARACTER_SET_CLIENT */;
/*!40101 SET CHARACTER_SET_RESULTS=@OLD_CHARACTER_SET_RESULTS */;
/*!40101 SET COLLATION_CONNECTION=@OLD_COLLATION_CONNECTION */;
